URL,Category,Type of ad,Reference,Make,Model,Status,Power,Front Tire Dimension,Front Tire Wear,Rear Tire Wear,Spare Parts Availability,Price (excl. VAT),Displayed Price,Reference Price,Reference Currency,VAT Info,Dealer,Location,Phone Number,Comments
https://www.agriaffaires.co.uk/used/farm-tractor/45265345/massey-ferguson-7720-dyna6.html,Farm Tractors,For sale / Offers,,Massey Ferguson,7720 Dyna6,Used - Not indicated,,,N/A,N/A,N/A,,"54,000
                            
                                    54,000 ££ ",54000,GBP,,Wilfred Scrutons,"Mr.
                James Falkingham",42f96adb9c783424fdaa8362400bb38KCs0NCkgMTI2MjQ3MDIxMQ==,
https://www.agriaffaires.co.uk/used/farm-tractor/45274622/john-deere-6130r.html,Farm Tractors,For sale / Offers,B1120046,John Deere,6130R,Used - Not indicated,130,,N/A,N/A,N/A,,"87,000
                            
                                    87,000 ££ ",87000,GBP,,Ripon Farm Services LOUTH,"Mr.
                Richard Wainwright",b6dbc863fc8b2658238ddc8f3bbbd6fKCs0NCkgNzg3OTk1NjM5NA==,
https://www.agriaffaires.co.uk/used/farm-tractor/45269545/john-deere-7r-330.html,Farm Tractors,For sale / Offers,B1114311,John Deere,7R 330,Used - Not indicated,330,,N/A,N/A,N/A,,"179,500
                            
                                    179,500 ££ ",179500,GBP,,Ripon Farm Services LOUTH,"Mr.
                Richard Wainwright",b6dbc863fc8b2658238ddc8f3bbbd6fKCs0NCkgNzg3OTk1NjM5NA==,
https://www.agriaffaires.co.uk/new/farm-tractor/44530379/valtra-n155.html,Farm Tractors,For sale / Offers,41013309,Valtra,N155,New - shopsoiled,,,,,N/A,,"108,500
                            
                                    108,500 ££ ",108500,GBP,,Crawford Group,"Mr.
                Dave Redford",490aa01b33b8485eb411bb3c7804f52KCs0NCkgMDc5NzAyNDgxMTY=,
https://www.agriaffaires.co.uk/used/farm-tractor/45091485/international-956-xl.html,Farm Tractors,For sale / Offers,,International,956 XL,Used - very good condition,,,85%,90%,N/A,,"  ",,,,G.M. STEPHENSON,"United Kingdom, Yorkshire and the Humber",d65312d189379444e3624fdbbcf4a7bKCs0NCkgMTcyMzg5MTQ4Nw==,
https://www.agriaffaires.co.uk/used/farm-tractor/44943054/john-deere-6215r.html,Farm Tractors,For sale / Offers,,John Deere,6215R,Used - Not indicated,215,540/65R30 650/65R42,N/A,N/A,N/A,,"129,950
                            
                                    129,950 ££ ",129950,GBP,,Farol Ltd,Guy CHAMPION,03412c1026d7603d092faad4347f32bKCs0NCkgMDE4NDQyNzg4NDM=,
https://www.agriaffaires.co.uk/used/farm-tractor/44424428/john-deere-6215r.html,Farm Tractors,For sale / Offers,,John Deere,6215R,Used - very good condition,215,600/70/28,70%,70%,N/A,,"87,500
                            
                                    87,500 ££ ",87500,GBP,,HARRISON TRACTORS LTD,"Mr.
                James HARRISON",fe09520a7c01b1b6ced975610c70371KCs0NCkgNzc2ODE3MTA4NQ==,
https://www.agriaffaires.co.uk/used/farm-tractor/45234498/john-deere-6110m.html,Farm Tractors,For sale / Offers,A1074681,John Deere,6110M,Used - very good condition,110,340/85R28,50%,50%,N/A,,"  ",,,,Tuckwells,"Mr.
                Harry Durrant",fe207fb875c123e1c1c39a64210a86eKCs0NCkgMDE3OTU4NDMyNTA=,
https://www.agriaffaires.co.uk/used/farm-tractor/44911353/john-deere-7r350.html,Farm Tractors,For sale / Offers,11088161,John Deere,7R350,Used - very good condition,350,,N/A,N/A,N/A,,"225,000
                            
                                    225,000 ££ ",225000,GBP,,BEN BURGESS & CO.,"Mr.
                Will Tunmore-Clarke",6518a50aaaa7ad93aeeeeba0d1523abKCs0NCkgMTYwMzYyODI1MQ==,
https://www.agriaffaires.co.uk/used/farm-tractor/45372061/valtra-n155-active.html,Farm Tractors,For sale / Offers,,Valtra,N155 Active,Used - very good condition,165,540/65R28,95%,95%,,," €€ ",106000,EUR,,J Leech Agri Ltd.,"Mr.
                Jonathan Leech",05b737847c23e1048326ab150aa2be3KCszNTMpIDg3NDY4OTMzNQ==,
https://www.agriaffaires.co.uk/used/farm-tractor/45273470/john-deere-6130m.html,Farm Tractors,For sale / Offers,A1140340,John Deere,6130M,Used - Not indicated,,,N/A,N/A,N/A,,"79,500
                            
                                    79,500 ££ ",79500,GBP,,Ripon Farm Services,"Mr.
                Richard Wainwright",b6dbc863fc8b2658238ddc8f3bbbd6fKCs0NCkgNzg3OTk1NjM5NA==,
https://www.agriaffaires.co.uk/used/farm-tractor/45145381/john-deere-6215r.html,Farm Tractors,For sale / Offers,,John Deere,6215R,Used - Not indicated,215,VF600/65R28 VF650/65R42,N/A,N/A,N/A,,"68,750
                            
                                    68,750 ££ ",68750,GBP,,Farol Ltd,Guy CHAMPION,03412c1026d7603d092faad4347f32bKCs0NCkgMDE4NDQyNzg4NDM=,
https://www.agriaffaires.co.uk/used/farm-tractor/44994385/john-deere-8r-410.html,Farm Tractors,For sale / Offers,,John Deere,8R 410,Used - Not indicated,410,650/60R34 900/60R42,N/A,N/A,N/A,,"224,950
                            
                                    224,950 ££ ",224950,GBP,,Farol Ltd,Guy CHAMPION,03412c1026d7603d092faad4347f32bKCs0NCkgMDE4NDQyNzg4NDM=,
https://www.agriaffaires.co.uk/used/farm-tractor/45155122/zetor-proxima-7441.html,Farm Tractors,For sale / Offers,18470z,Zetor,PROXIMA 7441,Used - good condition,,,N/A,N/A,N/A,,"15,000
                            
                                    15,000 ££ ",15000,GBP,,Graham Holland LTD,"Mr.
                Frank Holland",50c9d2da210b77e08eb6981e8c6bb12KCs0NCkgMDE5MzU4NDEzMDc=,
https://www.agriaffaires.co.uk/used/farm-tractor/44401635/john-deere-6215r.html,Farm Tractors,For sale / Offers,41043630 41043630,John Deere,6215R,Used - Not indicated,215,,N/A,N/A,N/A,,"119,000
                            
                                    119,000 ££ ",119000,GBP,,Hunt Forest Group,"United Kingdom, South East England",2aff3cd845ccf52991211e00245c610KCs0NCkgMDE5ODA2MjExMTQ=,
https://www.agriaffaires.co.uk/used/farm-tractor/45021744/john-deere-6130r.html,Farm Tractors,For sale / Offers,,John Deere,6130R,Used - Not indicated,130,540/65R24 650/65R38,N/A,N/A,N/A,,"87,950
                            
                                    87,950 ££ ",87950,GBP,,Farol Ltd,Guy CHAMPION,03412c1026d7603d092faad4347f32bKCs0NCkgMDE4NDQyNzg4NDM=,
https://www.agriaffaires.co.uk/used/farm-tractor/45302690/massey-ferguson-7718-dyna-6.html,Farm Tractors,For sale / Offers,B1086368,Massey Ferguson,7718 DYNA 6,Used - good condition,180,600/65R28,10%,15%,N/A,,"46,950
                            
                                    46,950 ££ ",46950,GBP,,Carrs Billington Agriculture,"Mr.
                Stuart PRINGLE",deadb678982b08dcf0fb0220c02e6eaKCs0NCkgMTIyODU1MjYxMQ==,
https://www.agriaffaires.co.uk/used/farm-tractor/44505004/massey-ferguson-5712s.html,Farm Tractors,For sale / Offers,51082425,Massey Ferguson,5712S,Used - very good condition,120,13.6R24,70%,30%,N/A,,"46,800
                            
                                    46,800 ££ ",46800,GBP,,Carrs Billington Agriculture,"Mr.
                Stuart PRINGLE",deadb678982b08dcf0fb0220c02e6eaKCs0NCkgMTIyODU1MjYxMQ==,
https://www.agriaffaires.co.uk/used/farm-tractor/44904721/massey-ferguson-6s145.html,Farm Tractors,For sale / Offers,,Massey Ferguson,6s145,Used - very good condition,,,80%,80%,N/A,,"86,000
                            
                                    86,000 ££ ",86000,GBP,,B&B Tractors,"Mrs
                Lauren Cope",2b7265eaf1cda18ab8f8919f723e85bKCs0NCkgNzQ4MzEyMjE5Nw==,
https://www.agriaffaires.co.uk/used/farm-tractor/45242149/kubota-m-105-gx-iv-with-chilton-loader.html,Farm Tractors,For sale / Offers,6470,Kubota,M 105 GX-IV with Chilton Loader,Used - very good condition,,380/70x24,40%,40%,N/A,,"31,500
                            
                                    31,500 ££ ",31500,GBP,,MARK HELLIER TRACTORS SE Ltd,"Mr.
                Mark HELLIER",56c8b09744b2f595a96925b9088699cKCs0NCkgMTU4MDI5MTI3MQ==,
https://www.agriaffaires.co.uk/used/farm-tractor/44784781/massey-ferguson-5455.html,Farm Tractors,For sale / Offers,,Massey Ferguson,5455,Used - good condition,,,15%,10%,N/A,,"  ",,,,B&B Tractors,"Mrs
                Lauren Cope",2b7265eaf1cda18ab8f8919f723e85bKCs0NCkgNzQ4MzEyMjE5Nw==,
https://www.agriaffaires.co.uk/used/farm-tractor/45269528/john-deere-6215r.html,Farm Tractors,For sale / Offers,71139720,John Deere,6215R,Used - Not indicated,,,N/A,N/A,N/A,,"89,950
                            
                                    89,950 ££ ",89950,GBP,,Ripon Farm Services,"Mr.
                Richard Wainwright",b6dbc863fc8b2658238ddc8f3bbbd6fKCs0NCkgNzg3OTk1NjM5NA==,
https://www.agriaffaires.co.uk/used/farm-tractor/44882689/massey-ferguson-6713.html,Farm Tractors,For sale / Offers,,Massey Ferguson,6713,Used - very good condition,,,80%,80%,N/A,,"38,950
                            
                                    38,950 ££ ",38950,GBP,,B&B Tractors,"Mrs
                Lauren Cope",2b7265eaf1cda18ab8f8919f723e85bKCs0NCkgNzQ4MzEyMjE5Nw==,
https://www.agriaffaires.co.uk/used/farm-tractor/45070587/john-deere-6195r.html,Farm Tractors,For sale / Offers,,John Deere,6195R,Used - Not indicated,195,600/70R28 710/70R42,N/A,N/A,N/A,,"74,950
                            
                                    74,950 ££ ",74950,GBP,,Farol Ltd,Guy CHAMPION,03412c1026d7603d092faad4347f32bKCs0NCkgMDE4NDQyNzg4NDM=,
https://www.agriaffaires.co.uk/used/farm-tractor/44673940/john-deere-6145r.html,Farm Tractors,For sale / Offers,,John Deere,6145R,Used - Not indicated,145,540/65R28 650/65R38,N/A,N/A,N/A,,"84,950
                            
                                    84,950 ££ ",84950,GBP,,Farol Ltd,Guy CHAMPION,03412c1026d7603d092faad4347f32bKCs0NCkgMDE4NDQyNzg4NDM=,
https://www.agriaffaires.co.uk/used/farm-tractor/45298034/john-deere-6120m.html,Farm Tractors,For sale / Offers,21101175,John Deere,6120M,Used - very good condition,120,,N/A,N/A,N/A,,"55,750
                            
                                    55,750 ££ ",55750,GBP,,BEN BURGESS & CO.,"Mr.
                Will Tunmore-Clarke",6518a50aaaa7ad93aeeeeba0d1523abKCs0NCkgMTYwMzYyODI1MQ==,
https://www.agriaffaires.co.uk/used/farm-tractor/45247248/john-deere-6215r.html,Farm Tractors,For sale / Offers,T5375,John Deere,6215R,Used - good condition,215,600/70x28,60%,50%,N/A,,"65,500
                            
                                    65,500 ££ ",65500,GBP,,Michael Burdge Ltd,Michael BURDGE,661d26ffcdc277c67bdaeb221f6d3d4KCs0NCkgMTkzNDgzODM4NQ==,
https://www.agriaffaires.co.uk/used/farm-tractor/44530392/valtra-s394.html,Farm Tractors,For sale / Offers,11014509,Valtra,S394,Used - Not indicated,,,N/A,N/A,N/A,,"185,000
                            
                                    185,000 ££ ",185000,GBP,,Crawford Group,"Mr.
                Dave Redford",490aa01b33b8485eb411bb3c7804f52KCs0NCkgMDc5NzAyNDgxMTY=,
https://www.agriaffaires.co.uk/used/farm-tractor/44404759/john-deere-6110m.html,Farm Tractors,For sale / Offers,11088883,John Deere,6110M,Used - Not indicated,110,,N/A,N/A,N/A,,"69,000
                            
                                    69,000 ££ ",69000,GBP,,BEN BURGESS & CO.,"Mr.
                Will Tunmore-Clarke",6518a50aaaa7ad93aeeeeba0d1523abKCs0NCkgMTYwMzYyODI1MQ==,
https://www.agriaffaires.co.uk/used/farm-tractor/45157029/mc-cormick-x7-670.html,Farm Tractors,For sale / Offers,,Mc Cormick,X7.670,Used - good condition,,540/65R30,90%,80%,N/A,,"33,500
                            
                                    33,500 ££ ",33500,GBP,,G.M. STEPHENSON,"United Kingdom, Yorkshire and the Humber",d65312d189379444e3624fdbbcf4a7bKCs0NCkgMTcyMzg5MTQ4Nw==,
https://www.agriaffaires.co.uk/used/farm-tractor/45006287/john-deere-6r-215.html,Farm Tractors,For sale / Offers,,John Deere,6R 215,Used - Not indicated,215,600/70R28 650/85R38,N/A,N/A,N/A,,"149,950
                            
                                    149,950 ££ ",149950,GBP,,Farol Ltd,Guy CHAMPION,03412c1026d7603d092faad4347f32bKCs0NCkgMDE4NDQyNzg4NDM=,
https://www.agriaffaires.co.uk/used/farm-tractor/45106989/john-deere-6130r.html,Farm Tractors,For sale / Offers,C1099998,John Deere,6130R,Used - average condition,130,,N/A,N/A,N/A,,"52,500
                            
                                    52,500 ££ ",52500,GBP,,BEN BURGESS & CO.,"Mr.
                Will Tunmore-Clarke",6518a50aaaa7ad93aeeeeba0d1523abKCs0NCkgMTYwMzYyODI1MQ==,
https://www.agriaffaires.co.uk/used/farm-tractor/45120344/john-deere-6120m.html,Farm Tractors,For sale / Offers,91045330,John Deere,6120M,Used - Not indicated,0,,N/A,N/A,N/A,,"67,500
                            
                                    67,500 ££ ",67500,GBP,,Hunt Forest Group,"United Kingdom, South East England",2aff3cd845ccf52991211e00245c610KCs0NCkgMDE5ODA2MjExMTQ=,
https://www.agriaffaires.co.uk/used/farm-tractor/45280519/new-holland-tvt-145.html,Farm Tractors,For sale / Offers,New Holland TVT 145,New Holland,TVT 145,Used - good condition,180,,50%,50%,,,"30,000
                            
                                    30,000 ££ ",30000,GBP,,,"Mr.
                Dart Joe",36a062fe1916164d1347c85dc55e7cbKCs0NCkgMDc5ODA4MzY2MTA=,
https://www.agriaffaires.co.uk/used/farm-tractor/45257147/john-deere-6195r.html,Farm Tractors,For sale / Offers,11046962 11046962,John Deere,6195R,Used - Not indicated,,,N/A,N/A,N/A,,"82,500
                            
                                    82,500 ££ ",82500,GBP,,Hunt Forest Group,"United Kingdom, South East England",2aff3cd845ccf52991211e00245c610KCs0NCkgMDE5ODA2MjExMTQ=,
https://www.agriaffaires.co.uk/used/farm-tractor/45269537/john-deere-8rx-370.html,Farm Tractors,For sale / Offers,11131989,John Deere,8RX 370,Used - Not indicated,370,,N/A,N/A,N/A,,"249,500
                            
                                    249,500 ££ ",249500,GBP,,Ripon Farm Services,"Mr.
                Richard Wainwright",b6dbc863fc8b2658238ddc8f3bbbd6fKCs0NCkgNzg3OTk1NjM5NA==,
https://www.agriaffaires.co.uk/used/farm-tractor/44771447/john-deere-8-1l.html,Farm Tractors,For sale / Offers,B1138656,John Deere,8.1L,Used - Not indicated,0,,N/A,N/A,N/A,,"7,100
                            
                                    7,100 ££ ",7100,GBP,,Ripon Farm Services MARKET WEIGHTON,"Mr.
                Richard Wainwright",b6dbc863fc8b2658238ddc8f3bbbd6fKCs0NCkgNzg3OTk1NjM5NA==,
https://www.agriaffaires.co.uk/used/farm-tractor/43966894/kubota-m5111-4wd-tractor.html,Farm Tractors,For sale / Offers,AL047984A,Kubota,M5111 4wd Tractor,Used - very good condition,113,`,70%,70%,N/A,,"34,950
                            
                                    34,950 ££ ",34950,GBP,,Agri-Linc,"Mr.
                Derry Morton",5d68cb31cd884da0b2e804c59f16176KCs0NCkgMTc3ODU5MTIyNQ==,
https://www.agriaffaires.co.uk/used/farm-tractor/45102092/john-deere-6130r.html,Farm Tractors,For sale / Offers,,John Deere,6130R,Used - Not indicated,130,340/85R28 420/85R38,N/A,N/A,N/A,,"49,950
                            
                                    49,950 ££ ",49950,GBP,,Farol Ltd,Guy CHAMPION,03412c1026d7603d092faad4347f32bKCs0NCkgMDE4NDQyNzg4NDM=,
https://www.agriaffaires.co.uk/used/farm-tractor/44942069/john-deere-6215r.html,Farm Tractors,For sale / Offers,A1098711,John Deere,6215R,Used - good condition,215,,N/A,N/A,N/A,,"69,750
                            
                                    69,750 ££ ",69750,GBP,,DOUBLEDAY GROUP,"Mr.
                Ashley Ashley Brighton 07769226685",624216a9a6305d9393f9a1dbac3bb19KCs0NCkgMDE0MDY1NDAyNjE=,
https://www.agriaffaires.co.uk/used/farm-tractor/45145380/john-deere-6195r.html,Farm Tractors,For sale / Offers,,John Deere,6195R,Used - Not indicated,195,600/70R28 650/85R38,N/A,N/A,N/A,,"74,950
                            
                                    74,950 ££ ",74950,GBP,,Farol Ltd,Guy CHAMPION,03412c1026d7603d092faad4347f32bKCs0NCkgMDE4NDQyNzg4NDM=,
https://www.agriaffaires.co.uk/used/farm-tractor/44091716/massey-ferguson-6712s-d4.html,Farm Tractors,For sale / Offers,31083044,Massey Ferguson,6712S D4,Used - very good condition,120,440/65R28,50%,50%,N/A,,"45,000
                            
                                    45,000 ££ ",45000,GBP,,Carrs Billington Agricultre (Sales) Ltd,"Mr.
                Stuart PRINGLE",deadb678982b08dcf0fb0220c02e6eaKCs0NCkgMTIyODU1MjYxMQ==,
https://www.agriaffaires.co.uk/used/farm-tractor/44931496/john-deere-6130m.html,Farm Tractors,For sale / Offers,41044665,John Deere,6130M,Used - Not indicated,0,,N/A,N/A,N/A,,"67,000
                            
                                    67,000 ££ ",67000,GBP,,Hunt Forest Group,"United Kingdom, South East England",2aff3cd845ccf52991211e00245c610KCs0NCkgMDE5ODA2MjExMTQ=,
https://www.agriaffaires.co.uk/used/farm-tractor/44965368/john-deere-6195r.html,Farm Tractors,For sale / Offers,,John Deere,6195R,Used - Not indicated,195,NEW 600/70R28 / 710/70R42,N/A,N/A,N/A,,"84,950
                            
                                    84,950 ££ ",84950,GBP,,Farol Ltd,Guy CHAMPION,03412c1026d7603d092faad4347f32bKCs0NCkgMDE4NDQyNzg4NDM=,
https://www.agriaffaires.co.uk/used/farm-tractor/45070549/john-deere-6130r.html,Farm Tractors,For sale / Offers,11045170,John Deere,6130R,Used - Not indicated,0,,N/A,N/A,N/A,,"  ",,,,Hunt Forest Group,"United Kingdom, South East England",2aff3cd845ccf52991211e00245c610KCs0NCkgMDE5ODA2MjExMTQ=,
https://www.agriaffaires.co.uk/used/farm-tractor/43562279/john-deere-6145r.html,Farm Tractors,For sale / Offers,41040768,John Deere,6145R,Used - Not indicated,,,N/A,N/A,N/A,,"98,950
                            
                                    98,950 ££ ",98950,GBP,,Hunt Forest Group,"United Kingdom, South East England",2aff3cd845ccf52991211e00245c610KCs0NCkgMDE5ODA2MjExMTQ=,
https://www.agriaffaires.co.uk/used/farm-tractor/45218238/massey-ferguson-4708.html,Farm Tractors,For sale / Offers,81082913,Massey Ferguson,4708,Used - very good condition,80,340/85R24,80%,85%,N/A,,"30,000
                            
                                    30,000 ££ ",30000,GBP,,Carrs Billington Agricultre (Sales) Ltd,"Mr.
                Stuart PRINGLE",deadb678982b08dcf0fb0220c02e6eaKCs0NCkgMTIyODU1MjYxMQ==,
https://www.agriaffaires.co.uk/used/farm-tractor/45102925/john-deere-6130r.html,Farm Tractors,For sale / Offers,51045509,John Deere,6130R,Used - Not indicated,0,,N/A,N/A,N/A,,"53,950
                            
                                    53,950 ££ ",53950,GBP,,Hunt Forest Group,"United Kingdom, South East England",2aff3cd845ccf52991211e00245c610KCs0NCkgMDE5ODA2MjExMTQ=,
https://www.agriaffaires.co.uk/used/farm-tractor/44532550/massey-ferguson-8s-225.html,Farm Tractors,For sale / Offers,21021284,Massey Ferguson,8S.225,Used - Not indicated,,,N/A,N/A,N/A,,"  ",,,,Crawford Group,"Mr.
                Dave Redford",490aa01b33b8485eb411bb3c7804f52KCs0NCkgMDc5NzAyNDgxMTY=,
https://www.agriaffaires.co.uk/used/farm-tractor/45155113/zetor-6718.html,Farm Tractors,For sale / Offers,19132,Zetor,6718,Used - good condition,,,N/A,N/A,N/A,,"3,250
                            
                                    3,250 ££ ",3250,GBP,,Graham Holland LTD,"Mr.
                Frank Holland",50c9d2da210b77e08eb6981e8c6bb12KCs0NCkgMDE5MzU4NDEzMDc=,
https://www.agriaffaires.co.uk/used/farm-tractor/45169556/john-deere-6215r.html,Farm Tractors,For sale / Offers,,John Deere,6215R,Used - Not indicated,215,600/70R28 650/85R38,N/A,N/A,N/A,,"79,950
                            
                                    79,950 ££ ",79950,GBP,,Farol Ltd,Guy CHAMPION,03412c1026d7603d092faad4347f32bKCs0NCkgMDE4NDQyNzg4NDM=,
https://www.agriaffaires.co.uk/new/farm-tractor/42720969/case-ih-maxxum-145.html,Farm Tractors,For sale / Offers,,Case IH,MAXXUM 145,new,175,480/65R28,,,20 years and over,,"67,000
                            
                                    67,000 ££ ",67000,GBP,,Everitt & Marshall Ltd,"Mr.
                Adrian Everitt",7f1f936fb98cf3f05fc3f4dc9f65034KCs0NCkgMDE0MzQ2MDMzMzE=,
https://www.agriaffaires.co.uk/used/farm-tractor/45392705/john-deere-6215r-ultimate.html,Farm Tractors,For sale / Offers,,John Deere,6215R ULTIMATE,Used - very good condition,215,600/70/28,50%,50%,N/A,,"127,500
                            
                                    127,500 ££ ",127500,GBP,,Cornthwaite Group,"Mr.
                MATTHEW BUFTON",8128b9309f84dc0830458f17809cd75KCs0NCkgNzM3NTUyMDE2Nw==,
https://www.agriaffaires.co.uk/used/farm-tractor/44131072/john-deere-6215r.html,Farm Tractors,For sale / Offers,51093390,John Deere,6215R,Used - good condition,215,,N/A,N/A,N/A,,"85,000
                            
                                    85,000 ££ ",85000,GBP,,BEN BURGESS & CO.,"Mr.
                Will Tunmore-Clarke",6518a50aaaa7ad93aeeeeba0d1523abKCs0NCkgMTYwMzYyODI1MQ==,
https://www.agriaffaires.co.uk/used/farm-tractor/45379347/john-deere-7r330.html,Farm Tractors,For sale / Offers,71091846,John Deere,7R330,Used - Not indicated,330,,N/A,N/A,N/A,,"205,000
                            
                                    205,000 ££ ",205000,GBP,,BEN BURGESS & CO.,"Mr.
                Will Tunmore-Clarke",6518a50aaaa7ad93aeeeeba0d1523abKCs0NCkgMTYwMzYyODI1MQ==,
https://www.agriaffaires.co.uk/used/farm-tractor/44756111/valtra-t-194-v.html,Farm Tractors,For sale / Offers,,Valtra,T 194 V,Used - very good condition,,,90%,90%,N/A,,"79,950
                            
                                    79,950 ££ ",79950,GBP,,B&B Tractors,"Mrs
                Lauren Cope",2b7265eaf1cda18ab8f8919f723e85bKCs0NCkgNzQ4MzEyMjE5Nw==,
https://www.agriaffaires.co.uk/used/farm-tractor/45112744/john-deere-6195r.html,Farm Tractors,For sale / Offers,91072341,John Deere,6195R,Used - very good condition,195,,N/A,N/A,N/A,,"85,000
                            
                                    85,000 ££ ",85000,GBP,,BEN BURGESS & CO.,"Mr.
                Will Tunmore-Clarke",6518a50aaaa7ad93aeeeeba0d1523abKCs0NCkgMTYwMzYyODI1MQ==,
https://www.agriaffaires.co.uk/used/farm-tractor/45392153/john-deere-6215r.html,Farm Tractors,For sale / Offers,21040168 21040168,John Deere,6215R,Used - Not indicated,,,N/A,N/A,N/A,,"77,995
                            
                                    77,995 ££ ",77995,GBP,,Hunt Forest Group,"United Kingdom, South East England",2aff3cd845ccf52991211e00245c610KCs0NCkgMDE5ODA2MjExMTQ=,
https://www.agriaffaires.co.uk/used/farm-tractor/45155104/claas-celtis-446.html,Farm Tractors,For sale / Offers,19747,Claas,CELTIS 446,Used - good condition,,,N/A,N/A,N/A,,"15,000
                            
                                    15,000 ££ ",15000,GBP,,Graham Holland LTD,"Mr.
                Frank Holland",50c9d2da210b77e08eb6981e8c6bb12KCs0NCkgMDE5MzU4NDEzMDc=,
https://www.agriaffaires.co.uk/used/farm-tractor/45395033/new-holland-t5-105.html,Farm Tractors,For sale / Offers,TB003396,New Holland,T5.105,Used - good condition,105,,N/A,N/A,N/A,,"31,000
                            
                                    31,000 ££ ",31000,GBP,,CHANDLERS (FARM EQUIPMENT) LTD,Gavin PELL,6ed66cd381e6ddd6a17ccdecfca5830KCs0NCkgMDE0NzY1OTAwNzc=,
https://www.agriaffaires.co.uk/used/farm-tractor/45364762/john-deere-6120m.html,Farm Tractors,For sale / Offers,,John Deere,6120M,Used - Not indicated,120,600/65R38 540/65R24,N/A,N/A,N/A,,"  ",,,,Farol Ltd,Guy CHAMPION,03412c1026d7603d092faad4347f32bKCs0NCkgMDE4NDQyNzg4NDM=,
https://www.agriaffaires.co.uk/used/farm-tractor/45346457/john-deere-6120m.html,Farm Tractors,For sale / Offers,,John Deere,6120M,Used - Not indicated,120,480/80R38 400/80R28,N/A,N/A,N/A,,"54,950
                            
                                    54,950 ££ ",54950,GBP,,Farol Ltd,Guy CHAMPION,03412c1026d7603d092faad4347f32bKCs0NCkgMDE4NDQyNzg4NDM=,
https://www.agriaffaires.co.uk/used/farm-tractor/45004731/massey-ferguson-5455-dyna-4.html,Farm Tractors,For sale / Offers,91085190,Massey Ferguson,5455 DYNA 4,Used - average condition,70,13.6R24,50%,50%,N/A,,"30,000
                            
                                    30,000 ££ ",30000,GBP,,Carrs Billington Agricultre (Sales) Ltd,"Mr.
                Stuart PRINGLE",deadb678982b08dcf0fb0220c02e6eaKCs0NCkgMTIyODU1MjYxMQ==,
https://www.agriaffaires.co.uk/used/farm-tractor/45258033/massey-ferguson-35.html,Farm Tractors,For sale / Offers,23344,Massey Ferguson,35,Used - good condition,,,0% (Smooth tyre),N/A,N/A,,"4,950
                            
                                    4,950 ££ ",4950,GBP,,Oakfields Ag,"Mr.
                Terry Brock",40bd3e74ac338889e19a0057bee4f32KCs0NCkgMTc2Mzc4MDQ0MA==,
https://www.agriaffaires.co.uk/used/farm-tractor/45218249/massey-ferguson-5712s-dyna-4.html,Farm Tractors,For sale / Offers,81082139,Massey Ferguson,5712S Dyna 4,Used - very good condition,120,13.6R28,85%,80%,N/A,,"53,500
                            
                                    53,500 ££ ",53500,GBP,,Carrs Billington Agricultre (Sales) Ltd,"Mr.
                Stuart PRINGLE",deadb678982b08dcf0fb0220c02e6eaKCs0NCkgMTIyODU1MjYxMQ==,
https://www.agriaffaires.co.uk/used/farm-tractor/45106970/john-deere-6250r.html,Farm Tractors,For sale / Offers,71099099,John Deere,6250R,Used - average condition,250,,N/A,N/A,N/A,,"128,500
                            
                                    128,500 ££ ",128500,GBP,,DOUBLEDAY GROUP,"Mr.
                Ashley Ashley Brighton 07769226685",624216a9a6305d9393f9a1dbac3bb19KCs0NCkgMDE0MDY1NDAyNjE=,
https://www.agriaffaires.co.uk/used/farm-tractor/44975721/john-deere-6155m.html,Farm Tractors,For sale / Offers,41046419,John Deere,6155M,Used - Not indicated,0,,N/A,N/A,N/A,,"83,000
                            
                                    83,000 ££ ",83000,GBP,,Hunt Forest Group,"United Kingdom, South East England",2aff3cd845ccf52991211e00245c610KCs0NCkgMDE5ODA2MjExMTQ=,
https://www.agriaffaires.co.uk/used/farm-tractor/44204606/john-deere-6215r.html,Farm Tractors,For sale / Offers,41041679 41041679,John Deere,6215R,Used - Not indicated,215,,N/A,N/A,N/A,,"104,000
                            
                                    104,000 ££ ",104000,GBP,,Hunt Forest Group,"United Kingdom, South East England",2aff3cd845ccf52991211e00245c610KCs0NCkgMDE5ODA2MjExMTQ=,
https://www.agriaffaires.co.uk/used/farm-tractor/45345486/john-deere-6195r-ultimate-edition.html,Farm Tractors,For sale / Offers,23595,John Deere,6195R Ultimate Edition,Used - very good condition,,,0% (Smooth tyre),N/A,N/A,,"105,000
                            
                                    105,000 ££ ",105000,GBP,,Oakfields Ag,"Mr.
                Terry Brock",40bd3e74ac338889e19a0057bee4f32KCs0NCkgMTc2Mzc4MDQ0MA==,
https://www.agriaffaires.co.uk/new/farm-tractor/44532531/massey-ferguson-6s-145.html,Farm Tractors,For sale / Offers,11012853,Massey Ferguson,6S.145,New - shopsoiled,,,,,N/A,,"101,500
                            
                                    101,500 ££ ",101500,GBP,,Crawford Group,"Mr.
                Dave Redford",490aa01b33b8485eb411bb3c7804f52KCs0NCkgMDc5NzAyNDgxMTY=,
https://www.agriaffaires.co.uk/used/farm-tractor/44622657/john-deere-6195r.html,Farm Tractors,For sale / Offers,,John Deere,6195R,Used - Not indicated,195,480/70R30 620/70R42,N/A,N/A,N/A,,"74,950
                            
                                    74,950 ££ ",74950,GBP,,Farol Ltd,Guy CHAMPION,03412c1026d7603d092faad4347f32bKCs0NCkgMDE4NDQyNzg4NDM=,
https://www.agriaffaires.co.uk/used/farm-tractor/44944369/john-deere-6195r.html,Farm Tractors,For sale / Offers,,John Deere,6195R,Used - Not indicated,195,650/85R38 600/70R28,N/A,N/A,N/A,,"64,950
                            
                                    64,950 ££ ",64950,GBP,,Farol Ltd,Guy CHAMPION,03412c1026d7603d092faad4347f32bKCs0NCkgMDE4NDQyNzg4NDM=,
https://www.agriaffaires.co.uk/used/farm-tractor/45183160/claas-arion-620.html,Farm Tractors,For sale / Offers,19562,Claas,ARION 620,Used - good condition,,,N/A,N/A,N/A,,"19,000
                            
                                    19,000 ££ ",19000,GBP,,Graham Holland LTD,"Mr.
                Frank Holland",50c9d2da210b77e08eb6981e8c6bb12KCs0NCkgMDE5MzU4NDEzMDc=,
https://www.agriaffaires.co.uk/used/farm-tractor/45002993/john-deere-6215r.html,Farm Tractors,For sale / Offers,,John Deere,6215R,Used - Not indicated,215,650/85R38 600/70R28,N/A,N/A,N/A,,"136,950
                            
                                    136,950 ££ ",136950,GBP,,Farol Ltd,Guy CHAMPION,03412c1026d7603d092faad4347f32bKCs0NCkgMDE4NDQyNzg4NDM=,
https://www.agriaffaires.co.uk/used/farm-tractor/44985597/john-deere-6r185.html,Farm Tractors,For sale / Offers,71093683,John Deere,6R185,Used - Not indicated,185,,N/A,N/A,N/A,,"148,500
                            
                                    148,500 ££ ",148500,GBP,,BEN BURGESS & CO.,"Mr.
                Will Tunmore-Clarke",6518a50aaaa7ad93aeeeeba0d1523abKCs0NCkgMTYwMzYyODI1MQ==,
https://www.agriaffaires.co.uk/used/farm-tractor/45086289/john-deere-6155r.html,Farm Tractors,For sale / Offers,,John Deere,6155R,Used - Not indicated,155,650/65R38 540/65R28,N/A,N/A,N/A,,"67,750
                            
                                    67,750 ££ ",67750,GBP,,Farol Ltd,Guy CHAMPION,03412c1026d7603d092faad4347f32bKCs0NCkgMDE4NDQyNzg4NDM=,
https://www.agriaffaires.co.uk/used/farm-tractor/44907086/john-deere-8rx410.html,Farm Tractors,For sale / Offers,81096465,John Deere,8RX410,Used - very good condition,410,,N/A,N/A,N/A,,"330,000
                            
                                    330,000 ££ ",330000,GBP,,BEN BURGESS & CO.,"Mr.
                Will Tunmore-Clarke",6518a50aaaa7ad93aeeeeba0d1523abKCs0NCkgMTYwMzYyODI1MQ==,
https://www.agriaffaires.co.uk/used/farm-tractor/44970363/valtra-a115.html,Farm Tractors,For sale / Offers,Valtra A115,Valtra,A115,Used - very good condition,,,95%,95%,N/A,,"  ",,,,B&B Tractors,"Mrs
                Lauren Cope",2b7265eaf1cda18ab8f8919f723e85bKCs0NCkgNzQ4MzEyMjE5Nw==,
https://www.agriaffaires.co.uk/used/farm-tractor/44532546/massey-ferguson-8s-265.html,Farm Tractors,For sale / Offers,11013116,Massey Ferguson,8S.265,Used - Not indicated,,,N/A,N/A,N/A,,"  ",,,,Crawford Group,"Mr.
                Dave Redford",490aa01b33b8485eb411bb3c7804f52KCs0NCkgMDc5NzAyNDgxMTY=,
https://www.agriaffaires.co.uk/used/farm-tractor/44865304/john-deere-8rx370.html,Farm Tractors,For sale / Offers,11085312,John Deere,8RX370,Used - very good condition,370,,N/A,N/A,N/A,,"  ",,,,BEN BURGESS & CO.,"Mr.
                Will Tunmore-Clarke",6518a50aaaa7ad93aeeeeba0d1523abKCs0NCkgMTYwMzYyODI1MQ==,
https://www.agriaffaires.co.uk/new/farm-tractor/44530381/valtra-g115-a.html,Farm Tractors,For sale / Offers,31013310,Valtra,G115 A,New - shopsoiled,,,,,N/A,,"71,500
                            
                                    71,500 ££ ",71500,GBP,,Crawford Group,"Mr.
                Dave Redford",490aa01b33b8485eb411bb3c7804f52KCs0NCkgMDc5NzAyNDgxMTY=,
https://www.agriaffaires.co.uk/used/farm-tractor/45293969/valtra-t195v.html,Farm Tractors,For sale / Offers,,Valtra,T195V,Used - very good condition,200,540/65/30,95%,95%,,,"100,000
                            
                                    100,000 ££ ",100000,GBP,,Name withheld,Name withheld,,
https://www.agriaffaires.co.uk/used/farm-tractor/43896477/case-ih-vestrum-cvx130.html,Farm Tractors,For sale / Offers,21005317,Case IH,Vestrum CVX130,Used - very good condition,140,420/70R28,100% (New tyre),100% (New tyre),N/A,,"49,950
                            
                                    49,950 ££ ",49950,GBP,,James Pryce Tractors Ltd,Andy PRYCE,cb4b6ac07be8d8ea85780da77172a3eKCs0NCkgMDE4ODQyNTc1NDQ=,
https://www.agriaffaires.co.uk/used/farm-tractor/45391366/massey-ferguson-mf8s-225-d7ex-tractor.html,Farm Tractors,For sale / Offers,61021265,Massey Ferguson,MF8S.225 D7EX TRACTOR,Used - very good condition,0,,N/A,N/A,N/A,,"92,500
                            
                                    92,500 ££ ",92500,GBP,,Peacock and Binnington,"Mr.
                Jack Matthews",a4dd00cd102b3aa5812dae2eaec893aKCs0NCkgMTk2NDYxNDIzMw==,
https://www.agriaffaires.co.uk/used/farm-tractor/44582026/john-deere-6120m.html,Farm Tractors,For sale / Offers,,John Deere,6120M,Used - Not indicated,120,480/65R24 540/65R38,N/A,N/A,N/A,,"72,750
                            
                                    72,750 ££ ",72750,GBP,,Farol Ltd,Guy CHAMPION,03412c1026d7603d092faad4347f32bKCs0NCkgMDE4NDQyNzg4NDM=,
https://www.agriaffaires.co.uk/used/farm-tractor/44911359/john-deere-6r155.html,Farm Tractors,For sale / Offers,11088860,John Deere,6R155,Used - very good condition,155,,N/A,N/A,N/A,,"115,000
                            
                                    115,000 ££ ",115000,GBP,,BEN BURGESS & CO.,"Mr.
                Will Tunmore-Clarke",6518a50aaaa7ad93aeeeeba0d1523abKCs0NCkgMTYwMzYyODI1MQ==,
https://www.agriaffaires.co.uk/used/farm-tractor/44527098/john-deere-6130r.html,Farm Tractors,For sale / Offers,91044392,John Deere,6130R,Used - Not indicated,0,,N/A,N/A,N/A,,"52,000
                            
                                    52,000 ££ ",52000,GBP,,Hunt Forest Group,"United Kingdom, South East England",2aff3cd845ccf52991211e00245c610KCs0NCkgMDE5ODA2MjExMTQ=,
https://www.agriaffaires.co.uk/used/farm-tractor/45394945/massey-ferguson-7480.html,Farm Tractors,For sale / Offers,95499,Massey Ferguson,7480,Used - very good condition,0,650/65/38,N/A,N/A,N/A,,"  ",,,,PARRIS TRACTORS,"Mr.
                Richard PARRIS",e6b399963846339270cfe4ebcf10be9MDE4MjMyNTM4MDg=,
https://www.agriaffaires.co.uk/used/farm-tractor/45271985/john-deere-6155r.html,Farm Tractors,For sale / Offers,51130016,John Deere,6155R,Used - Not indicated,,,N/A,N/A,N/A,,"105,000
                            
                                    105,000 ££ ",105000,GBP,,Ripon Farm Services,"Mr.
                Richard Wainwright",b6dbc863fc8b2658238ddc8f3bbbd6fKCs0NCkgNzg3OTk1NjM5NA==,
https://www.agriaffaires.co.uk/used/farm-tractor/45383078/john-deere-6215r.html,Farm Tractors,For sale / Offers,,John Deere,6215R,Used - Not indicated,215,520/85R42 480/70R30,N/A,N/A,N/A,,"112,750
                            
                                    112,750 ££ ",112750,GBP,,Farol Ltd,Guy CHAMPION,03412c1026d7603d092faad4347f32bKCs0NCkgMDE4NDQyNzg4NDM=,
https://www.agriaffaires.co.uk/used/farm-tractor/45392152/john-deere-6r-130.html,Farm Tractors,For sale / Offers,91047701,John Deere,6R 130,Used - Not indicated,0,,N/A,N/A,N/A,,"104,500
                            
                                    104,500 ££ ",104500,GBP,,Hunt Forest Group,"United Kingdom, South East England",2aff3cd845ccf52991211e00245c610KCs0NCkgMDE5ODA2MjExMTQ=,
https://www.agriaffaires.co.uk/used/farm-tractor/44269813/john-deere-6195r.html,Farm Tractors,For sale / Offers,,John Deere,6195R,Used - Not indicated,195,"NEW BKT FRONT 600/65R28, 650/65R42",N/A,N/A,N/A,,"79,950
                            
                                    79,950 ££ ",79950,GBP,,Farol Ltd,Guy CHAMPION,03412c1026d7603d092faad4347f32bKCs0NCkgMDE4NDQyNzg4NDM=,
https://www.agriaffaires.co.uk/used/farm-tractor/44891464/john-deere-6250r.html,Farm Tractors,For sale / Offers,,John Deere,6250R,Used - Not indicated,250,710/70R42 600/70R39,N/A,N/A,N/A,,"122,750
                            
                                    122,750 ££ ",122750,GBP,,Farol Ltd,Guy CHAMPION,03412c1026d7603d092faad4347f32bKCs0NCkgMDE4NDQyNzg4NDM=,
https://www.agriaffaires.co.uk/used/farm-tractor/45269530/john-deere-8r-370.html,Farm Tractors,For sale / Offers,B1138500,John Deere,8R 370,Used - Not indicated,,,N/A,N/A,N/A,,"180,000
                            
                                    180,000 ££ ",180000,GBP,,Ripon Farm Services MARKET WEIGHTON,"Mr.
                Richard Wainwright",b6dbc863fc8b2658238ddc8f3bbbd6fKCs0NCkgNzg3OTk1NjM5NA==,
https://www.agriaffaires.co.uk/used/farm-tractor/45258055/john-deere-6250r.html,Farm Tractors,For sale / Offers,23375,John Deere,6250R,Used - very good condition,,,0% (Smooth tyre),N/A,N/A,,"109,500
                            
                                    109,500 ££ ",109500,GBP,,Oakfields Ag,"Mr.
                Terry Brock",40bd3e74ac338889e19a0057bee4f32KCs0NCkgMTc2Mzc4MDQ0MA==,
https://www.agriaffaires.co.uk/used/farm-tractor/44389976/john-deere-6250r.html,Farm Tractors,For sale / Offers,71040557 71040557,John Deere,6250R,Used - Not indicated,250,,N/A,N/A,N/A,,"74,000
                            
                                    74,000 ££ ",74000,GBP,,Hunt Forest Group,"United Kingdom, South East England",2aff3cd845ccf52991211e00245c610KCs0NCkgMDE5ODA2MjExMTQ=,
https://www.agriaffaires.co.uk/used/farm-tractor/43886391/mb-trac-800.html,Farm Tractors,For sale / Offers,,MB Trac,800,Used - average condition,,,45%,45%,N/A,,"11,800
                            
                                    11,800 ££ ",11800,GBP,,Chapman Agricultural Services,Rod CHAPMAN,4eaaaa3a3ecd710ef0ceb80fd4a9838KCs0NCkgMDE0NTU1NTY2NTA=,
https://www.agriaffaires.co.uk/used/farm-tractor/43676506/john-deere-6250r.html,Farm Tractors,For sale / Offers,91036228 91036228,John Deere,6250R,Used - Not indicated,250,,N/A,N/A,N/A,,"95,000
                            
                                    95,000 ££ ",95000,GBP,,Hunt Forest Group,"United Kingdom, South East England",2aff3cd845ccf52991211e00245c610KCs0NCkgMDE5ODA2MjExMTQ=,
https://www.agriaffaires.co.uk/used/farm-tractor/44938980/john-deere-6r130.html,Farm Tractors,For sale / Offers,B1093715,John Deere,6R130,Used - Not indicated,130,,N/A,N/A,N/A,,"99,500
                            
                                    99,500 ££ ",99500,GBP,,BEN BURGESS & CO.,"Mr.
                Will Tunmore-Clarke",6518a50aaaa7ad93aeeeeba0d1523abKCs0NCkgMTYwMzYyODI1MQ==,
https://www.agriaffaires.co.uk/used/farm-tractor/45395204/case-ih-puma-185-ps.html,Farm Tractors,For sale / Offers,6480,Case IH,PUMA 185 PS,Used - very good condition,,540/65X30,80%,80%,N/A,,"36,500
                            
                                    36,500 ££ ",36500,GBP,,MARK HELLIER TRACTORS SE Ltd,"Mr.
                Mark HELLIER",56c8b09744b2f595a96925b9088699cKCs0NCkgMTU4MDI5MTI3MQ==,
https://www.agriaffaires.co.uk/used/farm-tractor/44985593/mc-cormick-x60-40.html,Farm Tractors,For sale / Offers,D1098064,Mc Cormick,X60.40,Used - average condition,,,N/A,N/A,N/A,,"29,750
                            
                                    29,750 ££ ",29750,GBP,,DOUBLEDAY GROUP,"Mr.
                Ashley Ashley Brighton 07769226685",624216a9a6305d9393f9a1dbac3bb19KCs0NCkgMDE0MDY1NDAyNjE=,
https://www.agriaffaires.co.uk/used/farm-tractor/45395068/valtra-900.html,Farm Tractors,For sale / Offers,TI00382C,Valtra,900,Used - good condition,95,24,50%,50%,N/A,,"12,000
                            
                                    12,000 ££ ",12000,GBP,,CHANDLERS (FARM EQUIPMENT) LTD,Gavin PELL,6ed66cd381e6ddd6a17ccdecfca5830KCs0NCkgMDE0NzY1OTAwNzc=,
https://www.agriaffaires.co.uk/used/farm-tractor/45164820/valtra-t234.html,Farm Tractors,For sale / Offers,,Valtra,T234,Used - Not indicated,230,650/75/38 540/65/28,N/A,N/A,N/A,,"79,950
                            
                                    79,950 ££ ",79950,GBP,,Farol Ltd,Guy CHAMPION,03412c1026d7603d092faad4347f32bKCs0NCkgMDE4NDQyNzg4NDM=,
https://www.agriaffaires.co.uk/used/farm-tractor/45366747/massey-ferguson-5712.html,Farm Tractors,For sale / Offers,MF 5712SL,Massey Ferguson,5712,Used - very good condition,,,80%,80%,N/A,,"54,000
                            
                                    54,000 ££ ",54000,GBP,,B&B Tractors,"Mrs
                Lauren Cope",2b7265eaf1cda18ab8f8919f723e85bKCs0NCkgNzQ4MzEyMjE5Nw==,
https://www.agriaffaires.co.uk/used/farm-tractor/45258087/john-deere-6630-premium.html,Farm Tractors,For sale / Offers,23435,John Deere,6630 Premium,Used - good condition,,,0% (Smooth tyre),N/A,N/A,,"37,500
                            
                                    37,500 ££ ",37500,GBP,,Oakfields Ag,"Mr.
                Terry Brock",40bd3e74ac338889e19a0057bee4f32KCs0NCkgMTc2Mzc4MDQ0MA==,
https://www.agriaffaires.co.uk/used/farm-tractor/44604694/john-deere-6175m.html,Farm Tractors,For sale / Offers,21095139,John Deere,6175M,Used - very good condition,175,,N/A,N/A,N/A,,"70,000
                            
                                    70,000 ££ ",70000,GBP,,BEN BURGESS & CO.,"Mr.
                Will Tunmore-Clarke",6518a50aaaa7ad93aeeeeba0d1523abKCs0NCkgMTYwMzYyODI1MQ==,
https://www.agriaffaires.co.uk/used/farm-tractor/45021731/john-deere-6r-195.html,Farm Tractors,For sale / Offers,,John Deere,6R 195,Used - Not indicated,195,"710/70R42, 600/70R28",N/A,N/A,N/A,,"164,950
                            
                                    164,950 ££ ",164950,GBP,,Farol Ltd,Guy CHAMPION,03412c1026d7603d092faad4347f32bKCs0NCkgMDE4NDQyNzg4NDM=,
https://www.agriaffaires.co.uk/used/farm-tractor/45108255/massey-ferguson-7718-s.html,Farm Tractors,For sale / Offers,,Massey Ferguson,7718 S,Used - very good condition,180,540,80%,80%,N/A,,"  ",,,,CAM TRAC LTD,"Mr.
                ciaran campbell",6e7b470f4a9dc79c45b3e15aaf55cf3KCs0NCkgMDc3ODk2ODc1ODg=,
https://www.agriaffaires.co.uk/used/farm-tractor/45346861/john-deere-6100m.html,Farm Tractors,For sale / Offers,81046754,John Deere,6100M,Used - Not indicated,0,,N/A,N/A,N/A,,"54,950
                            
                                    54,950 ££ ",54950,GBP,,Hunt Forest Group,"United Kingdom, South East England",2aff3cd845ccf52991211e00245c610KCs0NCkgMDE5ODA2MjExMTQ=,
https://www.agriaffaires.co.uk/used/farm-tractor/44627648/john-deere-6155r.html,Farm Tractors,For sale / Offers,11078677,John Deere,6155R,Used - good condition,155,,N/A,N/A,N/A,,"  ",,,,BEN BURGESS & CO.,"Mr.
                Will Tunmore-Clarke",6518a50aaaa7ad93aeeeeba0d1523abKCs0NCkgMTYwMzYyODI1MQ==,
https://www.agriaffaires.co.uk/used/farm-tractor/44930202/claas-used-arion-650.html,Farm Tractors,For sale / Offers,51022523,Claas,USED ARION 650,Used - good condition,0,540/65R28,95%,95%,N/A,,"74,950
                            
                                    74,950 ££ ",74950,GBP,,HAMBLYS LTD,"Mr.
                Steve PERRYMAN",1fc6a7bd13aa2a39d1b776e90c1719aKCs0NCkgMDE1NjY3NzI5Mzg=,
https://www.agriaffaires.co.uk/used/farm-tractor/44463993/john-deere-7r-310.html,Farm Tractors,For sale / Offers,41043297 41043297,John Deere,7R 310,Used - Not indicated,310,,N/A,N/A,N/A,,"163,000
                            
                                    163,000 ££ ",163000,GBP,,Hunt Forest Group,"United Kingdom, South East England",2aff3cd845ccf52991211e00245c610KCs0NCkgMDE5ODA2MjExMTQ=,
https://www.agriaffaires.co.uk/used/farm-tractor/45164822/john-deere-8rx-410.html,Farm Tractors,For sale / Offers,,John Deere,8RX 410,Used - Not indicated,410,"30"" rear tracks, 24"" front tracks.",N/A,N/A,N/A,,"199,950
                            
                                    199,950 ££ ",199950,GBP,,Farol Ltd,Guy CHAMPION,03412c1026d7603d092faad4347f32bKCs0NCkgMDE4NDQyNzg4NDM=,
https://www.agriaffaires.co.uk/used/farm-tractor/45298032/john-deere-7230r.html,Farm Tractors,For sale / Offers,21100534,John Deere,7230R,Used - good condition,230,,N/A,N/A,N/A,,"  ",,,,BEN BURGESS & CO.,"Mr.
                Will Tunmore-Clarke",6518a50aaaa7ad93aeeeeba0d1523abKCs0NCkgMTYwMzYyODI1MQ==,
https://www.agriaffaires.co.uk/used/farm-tractor/45025512/john-deere-6215r.html,Farm Tractors,For sale / Offers,,John Deere,6215R,Used - Not indicated,215,,N/A,N/A,N/A,,"79,950
                            
                                    79,950 ££ ",79950,GBP,,Farol Ltd,Guy CHAMPION,03412c1026d7603d092faad4347f32bKCs0NCkgMDE4NDQyNzg4NDM=,
https://www.agriaffaires.co.uk/used/farm-tractor/44364035/massey-ferguson-5712s.html,Farm Tractors,For sale / Offers,Massey Ferguson 5712 S,Massey Ferguson,5712S,Used - good condition,,,25%,25%,N/A,,"44,000
                            
                                    44,000 ££ ",44000,GBP,,B&B Tractors,"Mrs
                Lauren Cope",2b7265eaf1cda18ab8f8919f723e85bKCs0NCkgNzQ4MzEyMjE5Nw==,
https://www.agriaffaires.co.uk/used/farm-tractor/44424482/john-deere-6120m.html,Farm Tractors,For sale / Offers,,John Deere,6120M,Used - Not indicated,120,340/85R28 420/85R38,N/A,N/A,N/A,,"59,950
                            
                                    59,950 ££ ",59950,GBP,,Farol Ltd,Guy CHAMPION,03412c1026d7603d092faad4347f32bKCs0NCkgMDE4NDQyNzg4NDM=,
https://www.agriaffaires.co.uk/used/farm-tractor/45325502/claas-used-arion-630.html,Farm Tractors,For sale / Offers,11022485,Claas,USED ARION 630,Used - good condition,0,540/65R28,70%,20%,N/A,,"54,950
                            
                                    54,950 ££ ",54950,GBP,,HAMBLYS LTD,"Mr.
                Steve PERRYMAN",1fc6a7bd13aa2a39d1b776e90c1719aKCs0NCkgMDE1NjY3NzI5Mzg=,
https://www.agriaffaires.co.uk/used/farm-tractor/45375494/john-deere-6r-215.html,Farm Tractors,For sale / Offers,,John Deere,6R 215,Used - Not indicated,215,650/85R38 600/70R28,N/A,N/A,N/A,,"147,750
                            
                                    147,750 ££ ",147750,GBP,,Farol Ltd,Guy CHAMPION,03412c1026d7603d092faad4347f32bKCs0NCkgMDE4NDQyNzg4NDM=,
https://www.agriaffaires.co.uk/used/farm-tractor/45013262/massey-ferguson-6616-d6.html,Farm Tractors,For sale / Offers,91085438,Massey Ferguson,6616 D6,Used - very good condition,160,480/65/R28,10%,40%,N/A,,"49,500
                            
                                    49,500 ££ ",49500,GBP,,Carrs Billington Agricultre (Sales) Ltd,"Mr.
                Stuart PRINGLE",deadb678982b08dcf0fb0220c02e6eaKCs0NCkgMTIyODU1MjYxMQ==,
https://www.agriaffaires.co.uk/used/farm-tractor/43696828/john-deere-6175r.html,Farm Tractors,For sale / Offers,91040686 91040686,John Deere,6175R,Used - Not indicated,175,,N/A,N/A,N/A,,"45,000
                            
                                    45,000 ££ ",45000,GBP,,Hunt Forest Group,"United Kingdom, South East England",2aff3cd845ccf52991211e00245c610KCs0NCkgMDE5ODA2MjExMTQ=,
https://www.agriaffaires.co.uk/used/farm-tractor/45112717/john-deere-6r185.html,Farm Tractors,For sale / Offers,11088853,John Deere,6R185,Used - Not indicated,185,,N/A,N/A,N/A,,"119,500
                            
                                    119,500 ££ ",119500,GBP,,BEN BURGESS & CO.,"Mr.
                Will Tunmore-Clarke",6518a50aaaa7ad93aeeeeba0d1523abKCs0NCkgMTYwMzYyODI1MQ==,
https://www.agriaffaires.co.uk/used/farm-tractor/44588796/fendt-724.html,Farm Tractors,For sale / Offers,,Fendt,724,Used - Not indicated,,,N/A,N/A,N/A,,"140,000
                            
                                    140,000 ££ ",140000,GBP,,Wilfred Scrutons,"Mr.
                James Falkingham",42f96adb9c783424fdaa8362400bb38KCs0NCkgMTI2MjQ3MDIxMQ==,
https://www.agriaffaires.co.uk/used/farm-tractor/44212922/john-deere-6215r.html,Farm Tractors,For sale / Offers,,John Deere,6215R,Used - Not indicated,215,540/65R30 650/65R42,N/A,N/A,N/A,,"117,950
                            
                                    117,950 ££ ",117950,GBP,,Farol Ltd,Guy CHAMPION,03412c1026d7603d092faad4347f32bKCs0NCkgMDE4NDQyNzg4NDM=,
https://www.agriaffaires.co.uk/used/farm-tractor/45086234/john-deere-6100m.html,Farm Tractors,For sale / Offers,51099348,John Deere,6100M,Used - very good condition,100,,N/A,N/A,N/A,,"45,000
                            
                                    45,000 ££ ",45000,GBP,,BEN BURGESS & CO.,"Mr.
                Will Tunmore-Clarke",6518a50aaaa7ad93aeeeeba0d1523abKCs0NCkgMTYwMzYyODI1MQ==,
https://www.agriaffaires.co.uk/new/farm-tractor/44840553/massey-ferguson-8s-245-dyna-7-efficient.html,Farm Tractors,For sale / Offers,AG 21020680,Massey Ferguson,8S.245 Dyna 7 Efficient,New - shopsoiled,,,,,N/A,,"129,000
                            
                                    129,000 ££ ",129000,GBP,,Crawford Group,"Mr.
                Dave Redford",490aa01b33b8485eb411bb3c7804f52KCs0NCkgMDc5NzAyNDgxMTY=,
https://www.agriaffaires.co.uk/used/farm-tractor/43491365/john-deere-6250r.html,Farm Tractors,For sale / Offers,91036226 91036226,John Deere,6250R,Used - Not indicated,250,,N/A,N/A,N/A,,"96,000
                            
                                    96,000 ££ ",96000,GBP,,Hunt Forest Group,"United Kingdom, South East England",2aff3cd845ccf52991211e00245c610KCs0NCkgMDE5ODA2MjExMTQ=,
https://www.agriaffaires.co.uk/used/farm-tractor/45195729/john-deere-5090gv.html,Farm Tractors,For sale / Offers,,John Deere,5090GV,Used - Not indicated,90,320/85R24 260/70R16,N/A,N/A,N/A,,"29,950
                            
                                    29,950 ££ ",29950,GBP,,Farol Ltd,Guy CHAMPION,03412c1026d7603d092faad4347f32bKCs0NCkgMDE4NDQyNzg4NDM=,
https://www.agriaffaires.co.uk/used/farm-tractor/44364016/massey-ferguson-8s265.html,Farm Tractors,For sale / Offers,Massey Ferguson 8s.265 Dyna 7,Massey Ferguson,8S265,Used - very good condition,,,90%,90%,N/A,,"115,000
                            
                                    115,000 ££ ",115000,GBP,,B&B Tractors,"Mrs
                Lauren Cope",2b7265eaf1cda18ab8f8919f723e85bKCs0NCkgNzQ4MzEyMjE5Nw==,
https://www.agriaffaires.co.uk/used/farm-tractor/45086241/john-deere-6155r.html,Farm Tractors,For sale / Offers,81086461,John Deere,6155R,Used - good condition,155,,N/A,N/A,N/A,,"46,000
                            
                                    46,000 ££ ",46000,GBP,,DOUBLEDAY GROUP,"Mr.
                Ashley Ashley Brighton 07769226685",624216a9a6305d9393f9a1dbac3bb19KCs0NCkgMDE0MDY1NDAyNjE=,
https://www.agriaffaires.co.uk/used/farm-tractor/44564197/john-deere-6r-185.html,Farm Tractors,For sale / Offers,,John Deere,6R 185,Used - very good condition,185,480/7030R,90%,90%,N/A,,"119,950
                            
                                    119,950 ££ ",119950,GBP,,G S BROWN LTD,"Mr.
                Geoffrey BROWN",3de82e2a30dd3cac462102bb6098579KCs0NCkgNzc4NTMzMzg5Mw==,
https://www.agriaffaires.co.uk/used/farm-tractor/44268563/john-deere-6215r.html,Farm Tractors,For sale / Offers,21077531,John Deere,6215R,Used - good condition,215,,N/A,N/A,N/A,,"104,500
                            
                                    104,500 ££ ",104500,GBP,,BEN BURGESS & CO.,"Mr.
                Will Tunmore-Clarke",6518a50aaaa7ad93aeeeeba0d1523abKCs0NCkgMTYwMzYyODI1MQ==,
https://www.agriaffaires.co.uk/used/farm-tractor/45089831/john-deere-6155r.html,Farm Tractors,For sale / Offers,,John Deere,6155R,Used - very good condition,155,540/65R30,80%,80%,N/A,,"79,950
                            
                                    79,950 ££ ",79950,GBP,,G S BROWN LTD,"Mr.
                Geoffrey BROWN",3de82e2a30dd3cac462102bb6098579KCs0NCkgNzc4NTMzMzg5Mw==,
https://www.agriaffaires.co.uk/used/farm-tractor/44786390/john-deere-6r-155.html,Farm Tractors,For sale / Offers,,John Deere,6R 155,Used - Not indicated,155,540/65R30 650/65R42,N/A,N/A,N/A,,"119,950
                            
                                    119,950 ££ ",119950,GBP,,Farol Ltd,Guy CHAMPION,03412c1026d7603d092faad4347f32bKCs0NCkgMDE4NDQyNzg4NDM=,
https://www.agriaffaires.co.uk/used/farm-tractor/45243968/john-deere-6130r.html,Farm Tractors,For sale / Offers,,John Deere,6130R,Used - Not indicated,130,480/64R24 540/65R38,N/A,N/A,N/A,,"69,950
                            
                                    69,950 ££ ",69950,GBP,,Farol Ltd,Guy CHAMPION,03412c1026d7603d092faad4347f32bKCs0NCkgMDE4NDQyNzg4NDM=,
https://www.agriaffaires.co.uk/used/farm-tractor/45143043/john-deere-6195r.html,Farm Tractors,For sale / Offers,,John Deere,6195R,Used - Not indicated,195,600/65R28 650/75R38,N/A,N/A,N/A,,"56,750
                            
                                    56,750 ££ ",56750,GBP,,Farol Ltd,Guy CHAMPION,03412c1026d7603d092faad4347f32bKCs0NCkgMDE4NDQyNzg4NDM=,
https://www.agriaffaires.co.uk/used/farm-tractor/44887264/massey-ferguson-1740.html,Farm Tractors,For sale / Offers,,Massey Ferguson,1740,Used - very good condition,,,65%,65%,N/A,,"24,500
                            
                                    24,500 ££ ",24500,GBP,,B&B Tractors,"Mrs
                Lauren Cope",2b7265eaf1cda18ab8f8919f723e85bKCs0NCkgNzQ4MzEyMjE5Nw==,
https://www.agriaffaires.co.uk/used/farm-tractor/45186681/john-deere-8r-370.html,Farm Tractors,For sale / Offers,41047404 41047404,John Deere,8R 370,Used - Not indicated,370,,N/A,N/A,N/A,,"215,000
                            
                                    215,000 ££ ",215000,GBP,,Hunt Forest Group,"United Kingdom, South East England",2aff3cd845ccf52991211e00245c610KCs0NCkgMDE5ODA2MjExMTQ=,
https://www.agriaffaires.co.uk/used/farm-tractor/45380887/mc-cormick-xtx-165.html,Farm Tractors,For sale / Offers,,Mc Cormick,XTX 165,Used - good condition,,420/85R28,90%,90%,N/A,,"  ",,,,G.M. STEPHENSON,"United Kingdom, Yorkshire and the Humber",d65312d189379444e3624fdbbcf4a7bKCs0NCkgMTcyMzg5MTQ4Nw==,
https://www.agriaffaires.co.uk/used/farm-tractor/44911341/john-deere-6215r.html,Farm Tractors,For sale / Offers,11085344,John Deere,6215R,Used - very good condition,215,,N/A,N/A,N/A,,"100,000
                            
                                    100,000 ££ ",100000,GBP,,BEN BURGESS & CO.,"Mr.
                Will Tunmore-Clarke",6518a50aaaa7ad93aeeeeba0d1523abKCs0NCkgMTYwMzYyODI1MQ==,
https://www.agriaffaires.co.uk/used/farm-tractor/45392544/david-brown-885.html,Farm Tractors,For sale / Offers,,David Brown,885,Used - Not indicated,,,0% (Smooth tyre),N/A,N/A,,"4,000
                            
                                    4,000 ££ ",4000,GBP,,Oakfields Ag,"Mr.
                Terry Brock",40bd3e74ac338889e19a0057bee4f32KCs0NCkgMTc2Mzc4MDQ0MA==,
https://www.agriaffaires.co.uk/used/farm-tractor/44438487/valtra-t152-4wd-tractor-c-w-front-linkage.html,Farm Tractors,For sale / Offers,ALBHW059787A,Valtra,T152 4wd Tractor c/w Front Linkage,Used - good condition,,,40%,65%,N/A,,"28,950
                            
                                    28,950 ££ ",28950,GBP,,Agri-Linc,"Mr.
                Derry Morton",5d68cb31cd884da0b2e804c59f16176KCs0NCkgMTc3ODU5MTIyNQ==,
https://www.agriaffaires.co.uk/used/farm-tractor/45189283/john-deere-5075e.html,Farm Tractors,For sale / Offers,11096376,John Deere,5075E,Used - Not indicated,75,,N/A,N/A,N/A,,"38,750
                            
                                    38,750 ££ ",38750,GBP,,BEN BURGESS & CO.,"Mr.
                Will Tunmore-Clarke",6518a50aaaa7ad93aeeeeba0d1523abKCs0NCkgMTYwMzYyODI1MQ==,
https://www.agriaffaires.co.uk/used/farm-tractor/45265413/john-deere-6r-165.html,Farm Tractors,For sale / Offers,,John Deere,6R 165,Used - Not indicated,165,650/65R42 540/65R30,N/A,N/A,N/A,,"118,750
                            
                                    118,750 ££ ",118750,GBP,,Farol Ltd,Guy CHAMPION,03412c1026d7603d092faad4347f32bKCs0NCkgMDE4NDQyNzg4NDM=,
https://www.agriaffaires.co.uk/used/farm-tractor/44942015/massey-ferguson-6613.html,Farm Tractors,For sale / Offers,A1092845,Massey Ferguson,6613,Used - very good condition,130,,N/A,N/A,N/A,,"30,000
                            
                                    30,000 ££ ",30000,GBP,,DOUBLEDAY GROUP,"Mr.
                Ashley Ashley Brighton 07769226685",624216a9a6305d9393f9a1dbac3bb19KCs0NCkgMDE0MDY1NDAyNjE=,
https://www.agriaffaires.co.uk/used/farm-tractor/45298124/john-deere-9620rx.html,Farm Tractors,For sale / Offers,,John Deere,9620RX,Used - Not indicated,620,30 Inch Tracks,N/A,N/A,N/A,,"  ",,,,Farol Ltd,Guy CHAMPION,03412c1026d7603d092faad4347f32bKCs0NCkgMDE4NDQyNzg4NDM=,
https://www.agriaffaires.co.uk/used/farm-tractor/44853006/john-deere-6r-130.html,Farm Tractors,For sale / Offers,,John Deere,6R 130,Used - Not indicated,130,540/65R24 600/65R38,N/A,N/A,N/A,,"109,950
                            
                                    109,950 ££ ",109950,GBP,,Farol Ltd,Guy CHAMPION,03412c1026d7603d092faad4347f32bKCs0NCkgMDE4NDQyNzg4NDM=,
https://www.agriaffaires.co.uk/used/farm-tractor/45274059/john-deere-6r250.html,Farm Tractors,For sale / Offers,B1025727,John Deere,6R250,Used - Not indicated,250,,N/A,N/A,N/A,,"  ",,,,BEN BURGESS & CO.,"Mr.
                Will Tunmore-Clarke",6518a50aaaa7ad93aeeeeba0d1523abKCs0NCkgMTYwMzYyODI1MQ==,
https://www.agriaffaires.co.uk/used/farm-tractor/45350961/john-deere-6r-155.html,Farm Tractors,For sale / Offers,,John Deere,6R 155,Used - Not indicated,155,650/65R38 540/65R28,N/A,N/A,N/A,,"114,950
                            
                                    114,950 ££ ",114950,GBP,,Farol Ltd,Guy CHAMPION,03412c1026d7603d092faad4347f32bKCs0NCkgMDE4NDQyNzg4NDM=,
https://www.agriaffaires.co.uk/used/farm-tractor/45343858/case-ih-puma-cvx-240.html,Farm Tractors,For sale / Offers,,Case IH,PUMA CVX 240,Used - good condition,,,25%,40%,N/A,,"69,000
                            
                                    69,000 ££ ",69000,GBP,,Spectinga Ltd,"Mr.
                Bertie Wilson",55bb2bbf0ecb76228ee4e3bd3c297c2KCs0NCkgNzc4MjMzMDk1Ng==,
https://www.agriaffaires.co.uk/used/farm-tractor/45000418/fendt-724-profi.html,Farm Tractors,For sale / Offers,,Fendt,724 Profi+,Used - Not indicated,,,N/A,N/A,N/A,,"139,000
                            
                                    139,000 ££ ",139000,GBP,,Wilfred Scrutons,"Mr.
                James Falkingham",42f96adb9c783424fdaa8362400bb38KCs0NCkgMTI2MjQ3MDIxMQ==,
https://www.agriaffaires.co.uk/used/farm-tractor/44700980/mc-cormick-x7-680.html,Farm Tractors,For sale / Offers,,Mc Cormick,X7.680,Used - very good condition,212,30,100% (New tyre),50%,N/A,,"  ",,,,CAM TRAC LTD,"Mr.
                ciaran campbell",6e7b470f4a9dc79c45b3e15aaf55cf3KCs0NCkgMDc3ODk2ODc1ODg=,
https://www.agriaffaires.co.uk/used/farm-tractor/45340922/john-deere-6430-premium.html,Farm Tractors,For sale / Offers,,John Deere,6430 Premium,Used - Not indicated,120,540/65R24 600/65R38,N/A,N/A,N/A,,"37,950
                            
                                    37,950 ££ ",37950,GBP,,Farol Ltd,Guy CHAMPION,03412c1026d7603d092faad4347f32bKCs0NCkgMDE4NDQyNzg4NDM=,
https://www.agriaffaires.co.uk/used/farm-tractor/44091532/massey-ferguson-5613-dyna-4.html,Farm Tractors,For sale / Offers,31080426,Massey Ferguson,5613 DYNA 4,Used - good condition,130,440/65/R28,30%,40%,N/A,,"39,950
                            
                                    39,950 ££ ",39950,GBP,,Carrs Billington Agricultre (Sales) Ltd,"Mr.
                Ben Parkinson",36555d1f774856b745ffba3f69c8ae9KCs0NCkgMDc5Nzc4NTIwOTA=,
https://www.agriaffaires.co.uk/used/farm-tractor/45172484/john-deere-6r-155.html,Farm Tractors,For sale / Offers,,John Deere,6R 155,Used - Not indicated,155,VF600/65R28 VF650/65R42,N/A,N/A,N/A,,"117,500
                            
                                    117,500 ££ ",117500,GBP,,Farol Ltd,Guy CHAMPION,03412c1026d7603d092faad4347f32bKCs0NCkgMDE4NDQyNzg4NDM=,
https://www.agriaffaires.co.uk/used/farm-tractor/45191136/john-deere-8r-410.html,Farm Tractors,For sale / Offers,,John Deere,8R 410,Used - Not indicated,410,IF650/60R34 IF900/60R42,N/A,N/A,N/A,,"  ",,,,Farol Ltd,Guy CHAMPION,03412c1026d7603d092faad4347f32bKCs0NCkgMDE4NDQyNzg4NDM=,
https://www.agriaffaires.co.uk/used/farm-tractor/45368834/massey-ferguson-4260.html,Farm Tractors,For sale / Offers,,Massey Ferguson,4260,Used - very good condition,106,R28,95%,25%,,,"24,000
                            
                                    24,000 ££ ",24000,GBP,,,"Mr.
                Patrick McDermott",bbe461ca3006ecbde91bc20c626f2bbKCs0NCkgMzUzODcxMjc0NA==,
https://www.agriaffaires.co.uk/used/farm-tractor/45391367/valtra-t174v-tractor.html,Farm Tractors,For sale / Offers,61056669,Valtra,T174V TRACTOR,Used - very good condition,,,N/A,N/A,N/A,,"  ",,,,THURLOW NUNN STANDEN LTD,"Mr.
                James Clark",c829e86fb37f6e21b3a9214f3908f5dKCs0NCkgMTM5NDM4MjgwMQ==,
https://www.agriaffaires.co.uk/used/farm-tractor/44459048/john-deere-6155r.html,Farm Tractors,For sale / Offers,,John Deere,6155R,Used - Not indicated,155,540/65R30 650/65R42,N/A,N/A,N/A,,"87,950
                            
                                    87,950 ££ ",87950,GBP,,Farol Ltd,Guy CHAMPION,03412c1026d7603d092faad4347f32bKCs0NCkgMDE4NDQyNzg4NDM=,
https://www.agriaffaires.co.uk/used/farm-tractor/44091661/massey-ferguson-5710m.html,Farm Tractors,For sale / Offers,91078811,Massey Ferguson,5710M,Used - good condition,110,440/65/R24,40%,50%,N/A,,"42,500
                            
                                    42,500 ££ ",42500,GBP,,Carrs Billington Agricultre (Sales) Ltd,"Mr.
                Stuart PRINGLE",deadb678982b08dcf0fb0220c02e6eaKCs0NCkgMTIyODU1MjYxMQ==,
https://www.agriaffaires.co.uk/used/farm-tractor/45145385/john-deere-6155r.html,Farm Tractors,For sale / Offers,,John Deere,6155R,Used - Not indicated,155,Michelin 540/65R30 650/65R42,N/A,N/A,N/A,,"89,950
                            
                                    89,950 ££ ",89950,GBP,,Farol Ltd,Guy CHAMPION,03412c1026d7603d092faad4347f32bKCs0NCkgMDE4NDQyNzg4NDM=,
https://www.agriaffaires.co.uk/used/farm-tractor/44885751/john-deere-6230.html,Farm Tractors,For sale / Offers,T5342,John Deere,6230,Used - good condition,,380/85x24,40%,40%,N/A,,"18,950
                            
                                    18,950 ££ ",18950,GBP,,Michael Burdge Ltd,Michael BURDGE,661d26ffcdc277c67bdaeb221f6d3d4KCs0NCkgMTkzNDgzODM4NQ==,
https://www.agriaffaires.co.uk/used/farm-tractor/45392222/john-deere-6155m.html,Farm Tractors,For sale / Offers,21141913,John Deere,6155M,Used - Not indicated,,,N/A,N/A,N/A,,"65,000
                            
                                    65,000 ££ ",65000,GBP,,Ripon Farm Services,"Mr.
                Richard Wainwright",b6dbc863fc8b2658238ddc8f3bbbd6fKCs0NCkgNzg3OTk1NjM5NA==,
https://www.agriaffaires.co.uk/used/farm-tractor/44091882/massey-ferguson-6715s.html,Farm Tractors,For sale / Offers,51082760,Massey Ferguson,6715S,Used - very good condition,150,480/70R28,70%,70%,N/A,,"78,000
                            
                                    78,000 ££ ",78000,GBP,,Carrs Billington Agriculture,"Mr.
                Stuart PRINGLE",deadb678982b08dcf0fb0220c02e6eaKCs0NCkgMTIyODU1MjYxMQ==,
https://www.agriaffaires.co.uk/used/farm-tractor/44786387/john-deere-8rx410.html,Farm Tractors,For sale / Offers,81088470,John Deere,8RX410,Used - Not indicated,410,,N/A,N/A,N/A,,"382,000
                            
                                    382,000 ££ ",382000,GBP,,BEN BURGESS & CO.,"Mr.
                Will Tunmore-Clarke",6518a50aaaa7ad93aeeeeba0d1523abKCs0NCkgMTYwMzYyODI1MQ==,
https://www.agriaffaires.co.uk/used/farm-tractor/45353397/john-deere-6175m.html,Farm Tractors,For sale / Offers,,John Deere,6175M,Used - very good condition,,540/65R30,90%,90%,N/A,,"  ",,,,G.M. STEPHENSON,"United Kingdom, Yorkshire and the Humber",d65312d189379444e3624fdbbcf4a7bKCs0NCkgMTcyMzg5MTQ4Nw==,
https://www.agriaffaires.co.uk/used/farm-tractor/44768888/john-deere-6215r.html,Farm Tractors,For sale / Offers,,John Deere,6215R,Used - Not indicated,215,710/70R42 600/70R28,N/A,N/A,N/A,,"104,950
                            
                                    104,950 ££ ",104950,GBP,,Farol Ltd,Guy CHAMPION,03412c1026d7603d092faad4347f32bKCs0NCkgMDE4NDQyNzg4NDM=,
https://www.agriaffaires.co.uk/used/farm-tractor/45367609/john-deere-9530.html,Farm Tractors,For sale / Offers,,John Deere,9530,Used - Not indicated,475,620/70 R42,70%,70%,N/A,,"  ",,,,Mitchams/TGM Agricultural Machinery,"Mr.
                Thomas Mitcham",ff23e62316628beeefc6e5eb9207bf4KCs0NCkgMDc3MTk0MDM0NDY=,
https://www.agriaffaires.co.uk/used/farm-tractor/44911418/john-deere-6r250.html,Farm Tractors,For sale / Offers,B1025729,John Deere,6R250,Used - very good condition,250,,N/A,N/A,N/A,,"160,000
                            
                                    160,000 ££ ",160000,GBP,,BEN BURGESS & CO.,"Mr.
                Will Tunmore-Clarke",6518a50aaaa7ad93aeeeeba0d1523abKCs0NCkgMTYwMzYyODI1MQ==,
https://www.agriaffaires.co.uk/used/farm-tractor/45081544/massey-ferguson-35.html,Farm Tractors,For sale / Offers,18798z,Massey Ferguson,35,Used - good condition,,,N/A,N/A,N/A,,"4,250
                            
                                    4,250 ££ ",4250,GBP,,Graham Holland LTD,"Mr.
                Frank Holland",50c9d2da210b77e08eb6981e8c6bb12KCs0NCkgMDE5MzU4NDEzMDc=,
https://www.agriaffaires.co.uk/used/farm-tractor/44625607/massey-ferguson-5712s.html,Farm Tractors,For sale / Offers,B1083894,Massey Ferguson,5712S,Used - good condition,120,340/85 R28,15%,20%,N/A,,"45,000
                            
                                    45,000 ££ ",45000,GBP,,Carrs Billington Agriculture,"Mr.
                Stuart PRINGLE",deadb678982b08dcf0fb0220c02e6eaKCs0NCkgMTIyODU1MjYxMQ==,
https://www.agriaffaires.co.uk/used/farm-tractor/44941983/john-deere-6155r.html,Farm Tractors,For sale / Offers,81095875,John Deere,6155R,Used - very good condition,155,,N/A,N/A,N/A,,"50,000
                            
                                    50,000 ££ ",50000,GBP,,DOUBLEDAY GROUP,"Mr.
                Ashley Ashley Brighton 07769226685",624216a9a6305d9393f9a1dbac3bb19KCs0NCkgMDE0MDY1NDAyNjE=,
https://www.agriaffaires.co.uk/used/farm-tractor/45391371/massey-ferguson-mf5711m-d4ces-tractor.html,Farm Tractors,For sale / Offers,61022018,Massey Ferguson,MF5711M D4CES TRACTOR,Used - very good condition,0,,N/A,N/A,N/A,,"42,000
                            
                                    42,000 ££ ",42000,GBP,,Peacock and Binnington,"Mr.
                Jack Matthews",a4dd00cd102b3aa5812dae2eaec893aKCs0NCkgMTk2NDYxNDIzMw==,
https://www.agriaffaires.co.uk/used/farm-tractor/45269539/john-deere-5075e.html,Farm Tractors,For sale / Offers,F1131793,John Deere,5075E,Used - Not indicated,75,,N/A,N/A,N/A,,"  ",,,,Ripon Farm Services,"Mr.
                Richard Wainwright",b6dbc863fc8b2658238ddc8f3bbbd6fKCs0NCkgNzg3OTk1NjM5NA==,
https://www.agriaffaires.co.uk/used/farm-tractor/44961243/john-deere-8rx410.html,Farm Tractors,For sale / Offers,91091772,John Deere,8RX410,Used - very good condition,410,,N/A,N/A,N/A,,"260,000
                            
                                    260,000 ££ ",260000,GBP,,BEN BURGESS & CO.,"Mr.
                Will Tunmore-Clarke",6518a50aaaa7ad93aeeeeba0d1523abKCs0NCkgMTYwMzYyODI1MQ==,
https://www.agriaffaires.co.uk/used/farm-tractor/44700975/massey-ferguson-7616-dyna-6.html,Farm Tractors,For sale / Offers,,Massey Ferguson,7616 Dyna 6,Used - very good condition,160,,40%,20%,N/A,,"  ",,,,CAM TRAC LTD,"Mr.
                ciaran campbell",6e7b470f4a9dc79c45b3e15aaf55cf3KCs0NCkgMDc3ODk2ODc1ODg=,
https://www.agriaffaires.co.uk/used/farm-tractor/42332637/massey-ferguson-590.html,Farm Tractors,For sale / Offers,,Massey Ferguson,590,Used - average condition,80,,20%,10%,N/A,,"  ",,,,Nephin Tractors & Machinery,Colm MOYLES,64670141ff5cc753ee4fe5c55f4ac0bKCszNTMpIDg3NjgwNjU0MA==,
https://www.agriaffaires.co.uk/used/farm-tractor/43530808/john-deere-6155r.html,Farm Tractors,For sale / Offers,,John Deere,6155R,Used - very good condition,155,540/65/28,80%,80%,N/A,,"75,000
                            
                                    75,000 ££ ",75000,GBP,,HARRISON TRACTORS LTD,"Mr.
                James HARRISON",fe09520a7c01b1b6ced975610c70371KCs0NCkgNzc2ODE3MTA4NQ==,
https://www.agriaffaires.co.uk/used/farm-tractor/45169498/john-deere-6175r.html,Farm Tractors,For sale / Offers,31098964,John Deere,6175R,Used - good condition,175,,N/A,N/A,N/A,,"58,500
                            
                                    58,500 ££ ",58500,GBP,,BEN BURGESS & CO.,"Mr.
                Will Tunmore-Clarke",6518a50aaaa7ad93aeeeeba0d1523abKCs0NCkgMTYwMzYyODI1MQ==,
https://www.agriaffaires.co.uk/used/farm-tractor/45253217/john-deere-6155m.html,Farm Tractors,For sale / Offers,41041297,John Deere,6155M,Used - Not indicated,0,,N/A,N/A,N/A,,"89,950
                            
                                    89,950 ££ ",89950,GBP,,Hunt Forest Group,"United Kingdom, South East England",2aff3cd845ccf52991211e00245c610KCs0NCkgMDE5ODA2MjExMTQ=,
https://www.agriaffaires.co.uk/used/farm-tractor/45367133/deutz-fahr-agrotron-m620.html,Farm Tractors,For sale / Offers,,Deutz-Fahr,AGROTRON M620,Used - good condition,,480/70R28,20%,70%,N/A,,"29,950
                            
                                    29,950 ££ ",29950,GBP,,G.M. STEPHENSON,"United Kingdom, Yorkshire and the Humber",d65312d189379444e3624fdbbcf4a7bKCs0NCkgMTcyMzg5MTQ4Nw==,
https://www.agriaffaires.co.uk/used/farm-tractor/45367168/john-deere-6130r.html,Farm Tractors,For sale / Offers,20360,John Deere,6130R,Used - good condition,,,N/A,N/A,N/A,,"42,500
                            
                                    42,500 ££ ",42500,GBP,,Graham Holland LTD,"Mr.
                Frank Holland",50c9d2da210b77e08eb6981e8c6bb12KCs0NCkgMDE5MzU4NDEzMDc=,
https://www.agriaffaires.co.uk/used/farm-tractor/45366174/john-deere-6170r.html,Farm Tractors,For sale / Offers,6479,John Deere,6170R,Used - very good condition,,480/70x30,0% (Smooth tyre),0% (Smooth tyre),N/A,,"32,000
                            
                                    32,000 ££ ",32000,GBP,,MARK HELLIER TRACTORS SE Ltd,"Mr.
                Mark HELLIER",56c8b09744b2f595a96925b9088699cKCs0NCkgMTU4MDI5MTI3MQ==,
https://www.agriaffaires.co.uk/used/farm-tractor/45375493/john-deere-6r-130.html,Farm Tractors,For sale / Offers,,John Deere,6R 130,Used - Not indicated,130,600/65R38 540/65R24,N/A,N/A,N/A,,"97,950
                            
                                    97,950 ££ ",97950,GBP,,Farol Ltd,Guy CHAMPION,03412c1026d7603d092faad4347f32bKCs0NCkgMDE4NDQyNzg4NDM=,
https://www.agriaffaires.co.uk/used/farm-tractor/44727653/massey-ferguson-6s-180.html,Farm Tractors,For sale / Offers,11013111,Massey Ferguson,6S.180,Used - Not indicated,,,N/A,N/A,N/A,,"  ",,,,Crawford Group,"Mr.
                Dave Redford",490aa01b33b8485eb411bb3c7804f52KCs0NCkgMDc5NzAyNDgxMTY=,
https://www.agriaffaires.co.uk/used/farm-tractor/45395030/valtra-t215a.html,Farm Tractors,For sale / Offers,VA000107,Valtra,T215A,Used - very good condition,215,540/6530 F TM800,100% (New tyre),100% (New tyre),N/A,,"135,000
                            
                                    135,000 ££ ",135000,GBP,,CHANDLERS (FARM EQUIPMENT) LTD,Gavin PELL,6ed66cd381e6ddd6a17ccdecfca5830KCs0NCkgMDE0NzY1OTAwNzc=,
https://www.agriaffaires.co.uk/used/farm-tractor/45114079/fendt-828-profi-plus.html,Farm Tractors,For sale / Offers,,Fendt,828 PROFI PLUS,Used - very good condition,280,600/70 30,N/A,100% (New tyre),N/A,,"95,000
                            
                                    95,000 ££ ",95000,GBP,,Redlynch Agricultural Engineering,"Mr.
                paul cooke",27e4dfec5259358ee33da566b951c89KCs0NCkgMDc4MTAyMDg5ODI=,
https://www.agriaffaires.co.uk/used/farm-tractor/45129479/john-deere-7r-330.html,Farm Tractors,For sale / Offers,,John Deere,7R 330,Used - Not indicated,330,600/65R34 710/75R42,N/A,N/A,N/A,,"194,950
                            
                                    194,950 ££ ",194950,GBP,,Farol Ltd,Guy CHAMPION,03412c1026d7603d092faad4347f32bKCs0NCkgMDE4NDQyNzg4NDM=,
https://www.agriaffaires.co.uk/used/farm-tractor/45264037/john-deere-6100m.html,Farm Tractors,For sale / Offers,,John Deere,6100M,Used - Not indicated,120,460/85R38 420/85R24,N/A,N/A,N/A,,"58,950
                            
                                    58,950 ££ ",58950,GBP,,Farol Ltd,Guy CHAMPION,03412c1026d7603d092faad4347f32bKCs0NCkgMDE4NDQyNzg4NDM=,
https://www.agriaffaires.co.uk/used/farm-tractor/44424528/john-deere-6r185.html,Farm Tractors,For sale / Offers,91096431,John Deere,6R185,Used - very good condition,185,,N/A,N/A,N/A,,"130,000
                            
                                    130,000 ££ ",130000,GBP,,BEN BURGESS & CO.,"Mr.
                Will Tunmore-Clarke",6518a50aaaa7ad93aeeeeba0d1523abKCs0NCkgMTYwMzYyODI1MQ==,
https://www.agriaffaires.co.uk/used/farm-tractor/45374223/john-deere-6r-250.html,Farm Tractors,For sale / Offers,,John Deere,6R 250,Used - Not indicated,250,710/70R42 600/70R30,N/A,N/A,N/A,,"159,950
                            
                                    159,950 ££ ",159950,GBP,,Farol Ltd,Guy CHAMPION,03412c1026d7603d092faad4347f32bKCs0NCkgMDE4NDQyNzg4NDM=,
https://www.agriaffaires.co.uk/used/farm-tractor/44965367/john-deere-6155r.html,Farm Tractors,For sale / Offers,,John Deere,6155R,Used - Not indicated,155,540/65R28 650/65R38,N/A,N/A,N/A,,"87,950
                            
                                    87,950 ££ ",87950,GBP,,Farol Ltd,Guy CHAMPION,03412c1026d7603d092faad4347f32bKCs0NCkgMDE4NDQyNzg4NDM=,
https://www.agriaffaires.co.uk/used/farm-tractor/44964777/john-deere-6155m.html,Farm Tractors,For sale / Offers,,John Deere,6155M,Used - Not indicated,155,"NEW 540/65R28, 650/65R38",N/A,N/A,N/A,,"69,950
                            
                                    69,950 ££ ",69950,GBP,,Farol Ltd,Guy CHAMPION,03412c1026d7603d092faad4347f32bKCs0NCkgMDE4NDQyNzg4NDM=,
https://www.agriaffaires.co.uk/used/farm-tractor/44212306/john-deere-6175r.html,Farm Tractors,For sale / Offers,,John Deere,6175R,Used - Not indicated,175,420/85R30 480/80R46,N/A,N/A,N/A,,"56,750
                            
                                    56,750 ££ ",56750,GBP,,Farol Ltd,Guy CHAMPION,03412c1026d7603d092faad4347f32bKCs0NCkgMDE4NDQyNzg4NDM=,
https://www.agriaffaires.co.uk/used/farm-tractor/45027072/john-deere-6r-185.html,Farm Tractors,For sale / Offers,,John Deere,6R 185,Used - Not indicated,185,540/65R30 650/65R42,N/A,N/A,N/A,,"119,950
                            
                                    119,950 ££ ",119950,GBP,,Farol Ltd,Guy CHAMPION,03412c1026d7603d092faad4347f32bKCs0NCkgMDE4NDQyNzg4NDM=,
https://www.agriaffaires.co.uk/used/farm-tractor/44911414/john-deere-6r155.html,Farm Tractors,For sale / Offers,B1025715,John Deere,6R155,Used - very good condition,155,,N/A,N/A,N/A,,"  ",,,,BEN BURGESS & CO.,"Mr.
                Will Tunmore-Clarke",6518a50aaaa7ad93aeeeeba0d1523abKCs0NCkgMTYwMzYyODI1MQ==,
https://www.agriaffaires.co.uk/used/farm-tractor/44906855/john-deere-2040s.html,Farm Tractors,For sale / Offers,19760,John Deere,2040S,Used - good condition,,,N/A,N/A,N/A,,"  ",,,,Graham Holland LTD,"Mr.
                Frank Holland",50c9d2da210b77e08eb6981e8c6bb12KCs0NCkgMDE5MzU4NDEzMDc=,
https://www.agriaffaires.co.uk/used/farm-tractor/44668443/fendt-mt-943.html,Farm Tractors,For sale / Offers,Fendt MT 943,Fendt,MT 943,Used - good condition,,,60%,60%,N/A,,"165,000
                            
                                    165,000 ££ ",165000,GBP,,B&B Tractors,"Mrs
                Lauren Cope",2b7265eaf1cda18ab8f8919f723e85bKCs0NCkgNzQ4MzEyMjE5Nw==,
https://www.agriaffaires.co.uk/used/farm-tractor/44660869/john-deere-6r-185.html,Farm Tractors,For sale / Offers,,John Deere,6R 185,Used - Not indicated,185,650/65R42 540/65r30,N/A,N/A,N/A,,"131,750
                            
                                    131,750 ££ ",131750,GBP,,Farol Ltd,Guy CHAMPION,03412c1026d7603d092faad4347f32bKCs0NCkgMDE4NDQyNzg4NDM=,
https://www.agriaffaires.co.uk/used/farm-tractor/44501997/john-deere-6195r.html,Farm Tractors,For sale / Offers,,John Deere,6195R,Used - Not indicated,195,650/85R38 600/65R30.,N/A,N/A,N/A,,"64,950
                            
                                    64,950 ££ ",64950,GBP,,Farol Ltd,Guy CHAMPION,03412c1026d7603d092faad4347f32bKCs0NCkgMDE4NDQyNzg4NDM=,
https://www.agriaffaires.co.uk/new/farm-tractor/44931495/john-deere-3038e.html,Farm Tractors,For sale / Offers,41045913,John Deere,3038E,new,0,,,,N/A,,"  ",,,,Hunt Forest Group,"United Kingdom, South East England",2aff3cd845ccf52991211e00245c610KCs0NCkgMDE5ODA2MjExMTQ=,
https://www.agriaffaires.co.uk/used/farm-tractor/44786395/john-deere-6r-215.html,Farm Tractors,For sale / Offers,,John Deere,6R 215,Used - Not indicated,215,600/70R28 710/70R42,N/A,N/A,N/A,,"147,500
                            
                                    147,500 ££ ",147500,GBP,,Farol Ltd,Guy CHAMPION,03412c1026d7603d092faad4347f32bKCs0NCkgMDE4NDQyNzg4NDM=,
https://www.agriaffaires.co.uk/used/farm-tractor/45213049/john-deere-6155r.html,Farm Tractors,For sale / Offers,81095876,John Deere,6155R,Used - good condition,155,,N/A,N/A,N/A,,"50,000
                            
                                    50,000 ££ ",50000,GBP,,DOUBLEDAY GROUP,"Mr.
                Ashley Ashley Brighton 07769226685",624216a9a6305d9393f9a1dbac3bb19KCs0NCkgMDE0MDY1NDAyNjE=,
https://www.agriaffaires.co.uk/used/farm-tractor/44931596/john-deere-8rx410.html,Farm Tractors,For sale / Offers,91095761,John Deere,8RX410,Used - very good condition,410,,N/A,N/A,N/A,,"197,500
                            
                                    197,500 ££ ",197500,GBP,,BEN BURGESS & CO.,"Mr.
                Will Tunmore-Clarke",6518a50aaaa7ad93aeeeeba0d1523abKCs0NCkgMTYwMzYyODI1MQ==,
https://www.agriaffaires.co.uk/used/farm-tractor/44557032/john-deere-8370r.html,Farm Tractors,For sale / Offers,,John Deere,8370R,Used - Not indicated,370,800/70R38 600/70R30,N/A,N/A,N/A,,"149,950
                            
                                    149,950 ££ ",149950,GBP,,Farol Ltd,Guy CHAMPION,03412c1026d7603d092faad4347f32bKCs0NCkgMDE4NDQyNzg4NDM=,
https://www.agriaffaires.co.uk/used/farm-tractor/44911416/john-deere-6r130.html,Farm Tractors,For sale / Offers,B1025720,John Deere,6R130,Used - very good condition,130,,N/A,N/A,N/A,,"107,000
                            
                                    107,000 ££ ",107000,GBP,,BEN BURGESS & CO.,"Mr.
                Will Tunmore-Clarke",6518a50aaaa7ad93aeeeeba0d1523abKCs0NCkgMTYwMzYyODI1MQ==,
https://www.agriaffaires.co.uk/used/farm-tractor/45112726/john-deere-6r155.html,Farm Tractors,For sale / Offers,11091168,John Deere,6R155,Used - Not indicated,155,,N/A,N/A,N/A,,"122,500
                            
                                    122,500 ££ ",122500,GBP,,BEN BURGESS & CO.,"Mr.
                Will Tunmore-Clarke",6518a50aaaa7ad93aeeeeba0d1523abKCs0NCkgMTYwMzYyODI1MQ==,
https://www.agriaffaires.co.uk/used/farm-tractor/44758373/john-deere-6r-215.html,Farm Tractors,For sale / Offers,,John Deere,6R 215,Used - Not indicated,215,600/70R28 710/70R42,N/A,N/A,N/A,,"134,750
                            
                                    134,750 ££ ",134750,GBP,,Farol Ltd,Guy CHAMPION,03412c1026d7603d092faad4347f32bKCs0NCkgMDE4NDQyNzg4NDM=,
https://www.agriaffaires.co.uk/used/farm-tractor/45112725/john-deere-6r185.html,Farm Tractors,For sale / Offers,11091167,John Deere,6R185,Used - Not indicated,185,,N/A,N/A,N/A,,"127,000
                            
                                    127,000 ££ ",127000,GBP,,BEN BURGESS & CO.,"Mr.
                Will Tunmore-Clarke",6518a50aaaa7ad93aeeeeba0d1523abKCs0NCkgMTYwMzYyODI1MQ==,
https://www.agriaffaires.co.uk/used/farm-tractor/45080269/john-deere-6155r.html,Farm Tractors,For sale / Offers,,John Deere,6155R,Used - Not indicated,155,520/85R38 480/70R28,N/A,N/A,N/A,,"65,750
                            
                                    65,750 ££ ",65750,GBP,,Farol Ltd,Guy CHAMPION,03412c1026d7603d092faad4347f32bKCs0NCkgMDE4NDQyNzg4NDM=,
https://www.agriaffaires.co.uk/used/farm-tractor/44801807/john-deere-7r330.html,Farm Tractors,For sale / Offers,91096458,John Deere,7R330,Used - very good condition,330,,N/A,N/A,N/A,,"220,000
                            
                                    220,000 ££ ",220000,GBP,,BEN BURGESS & CO.,"Mr.
                Will Tunmore-Clarke",6518a50aaaa7ad93aeeeeba0d1523abKCs0NCkgMTYwMzYyODI1MQ==,
https://www.agriaffaires.co.uk/used/farm-tractor/43562283/john-deere-6155r.html,Farm Tractors,For sale / Offers,91040271,John Deere,6155R,Used - Not indicated,,,N/A,N/A,N/A,,"95,000
                            
                                    95,000 ££ ",95000,GBP,,Hunt Forest Group,"United Kingdom, South East England",2aff3cd845ccf52991211e00245c610KCs0NCkgMDE5ODA2MjExMTQ=,
https://www.agriaffaires.co.uk/used/farm-tractor/45198542/deutz-fahr-7250.html,Farm Tractors,For sale / Offers,B1100172,Deutz-Fahr,7250,Used - average condition,230,,N/A,N/A,N/A,,"46,500
                            
                                    46,500 ££ ",46500,GBP,,DOUBLEDAY GROUP,"Mr.
                Ashley Ashley Brighton 07769226685",624216a9a6305d9393f9a1dbac3bb19KCs0NCkgMDE0MDY1NDAyNjE=,
https://www.agriaffaires.co.uk/used/farm-tractor/45294751/john-deere-6155r.html,Farm Tractors,For sale / Offers,,John Deere,6155R,Used - Not indicated,155,650/65R42 540/65R30,N/A,N/A,N/A,,"54,950
                            
                                    54,950 ££ ",54950,GBP,,Farol Ltd,Guy CHAMPION,03412c1026d7603d092faad4347f32bKCs0NCkgMDE4NDQyNzg4NDM=,
https://www.agriaffaires.co.uk/used/farm-tractor/44714744/john-deere-6r-215.html,Farm Tractors,For sale / Offers,,John Deere,6R 215,Used - Not indicated,215,Michelin MachXbib 600/70R28 710/70R42,N/A,N/A,N/A,,"149,950
                            
                                    149,950 ££ ",149950,GBP,,Farol Ltd,Guy CHAMPION,03412c1026d7603d092faad4347f32bKCs0NCkgMDE4NDQyNzg4NDM=,
https://www.agriaffaires.co.uk/used/farm-tractor/45392083/case-ih-7240-tractor.html,Farm Tractors,For sale / Offers,3516,Case IH,7240 Tractor,Used - Not indicated,,,N/A,N/A,N/A,,"  ",,,,J R FIRBY LTD,"Mr.
                Richard FIRBY",5f9f05aefe7925db378c7969a8933f1KCs0NCkgMDE2NTM2Mjg2MTQ=,
https://www.agriaffaires.co.uk/used/farm-tractor/45326905/john-deere-6175r.html,Farm Tractors,For sale / Offers,,John Deere,6175R,Used - Not indicated,175,600/70R28 650/85R38,N/A,N/A,N/A,,"  ",,,,Farol Ltd,Guy CHAMPION,03412c1026d7603d092faad4347f32bKCs0NCkgMDE4NDQyNzg4NDM=,
https://www.agriaffaires.co.uk/used/farm-tractor/45395071/valtra-900.html,Farm Tractors,For sale / Offers,TI00382B,Valtra,900,Used - good condition,90,,N/A,N/A,N/A,,"12,000
                            
                                    12,000 ££ ",12000,GBP,,CHANDLERS (FARM EQUIPMENT) LTD,Gavin PELL,6ed66cd381e6ddd6a17ccdecfca5830KCs0NCkgMDE0NzY1OTAwNzc=,
https://www.agriaffaires.co.uk/used/farm-tractor/44769345/john-deere-6155r.html,Farm Tractors,For sale / Offers,,John Deere,6155R,Used - Not indicated,155,540/65R28 650/65R38,N/A,N/A,N/A,,"92,750
                            
                                    92,750 ££ ",92750,GBP,,Farol Ltd,Guy CHAMPION,03412c1026d7603d092faad4347f32bKCs0NCkgMDE4NDQyNzg4NDM=,
https://www.agriaffaires.co.uk/used/farm-tractor/44747434/massey-ferguson-7726s.html,Farm Tractors,For sale / Offers,B1083851,Massey Ferguson,7726S,Used - very good condition,260,600/60R30,60%,60%,N/A,,"69,500
                            
                                    69,500 ££ ",69500,GBP,,Carrs Billington Agriculture,"Mr.
                Stuart PRINGLE",deadb678982b08dcf0fb0220c02e6eaKCs0NCkgMTIyODU1MjYxMQ==,
https://www.agriaffaires.co.uk/used/farm-tractor/45038579/john-deere-6175r.html,Farm Tractors,For sale / Offers,,John Deere,6175R,Used - Not indicated,175,650/85R38 600/70R28,N/A,N/A,N/A,,"84,950
                            
                                    84,950 ££ ",84950,GBP,,Farol Ltd,Guy CHAMPION,03412c1026d7603d092faad4347f32bKCs0NCkgMDE4NDQyNzg4NDM=,
https://www.agriaffaires.co.uk/used/farm-tractor/45298048/john-deere-8370r.html,Farm Tractors,For sale / Offers,91100349,John Deere,8370R,Used - good condition,370,,N/A,N/A,N/A,,"112,000
                            
                                    112,000 ££ ",112000,GBP,,BEN BURGESS & CO.,"Mr.
                Will Tunmore-Clarke",6518a50aaaa7ad93aeeeeba0d1523abKCs0NCkgMTYwMzYyODI1MQ==,
https://www.agriaffaires.co.uk/used/farm-tractor/44467165/john-deere-6175r.html,Farm Tractors,For sale / Offers,,John Deere,6175R,Used - Not indicated,175,420/85R30 520/85R42,N/A,N/A,N/A,,"79,950
                            
                                    79,950 ££ ",79950,GBP,,Farol Ltd,Guy CHAMPION,03412c1026d7603d092faad4347f32bKCs0NCkgMDE4NDQyNzg4NDM=,
https://www.agriaffaires.co.uk/used/farm-tractor/44891453/john-deere-7290r.html,Farm Tractors,For sale / Offers,,John Deere,7290R,Used - Not indicated,290,600/65R34 710/75R42,N/A,N/A,N/A,,"119,950
                            
                                    119,950 ££ ",119950,GBP,,Farol Ltd,Guy CHAMPION,03412c1026d7603d092faad4347f32bKCs0NCkgMDE4NDQyNzg4NDM=,
https://www.agriaffaires.co.uk/used/farm-tractor/45350963/john-deere-6170m.html,Farm Tractors,For sale / Offers,,John Deere,6170M,Used - Not indicated,170,650/75R38 600/65R28,N/A,N/A,N/A,,"57,950
                            
                                    57,950 ££ ",57950,GBP,,Farol Ltd,Guy CHAMPION,03412c1026d7603d092faad4347f32bKCs0NCkgMDE4NDQyNzg4NDM=,
https://www.agriaffaires.co.uk/used/farm-tractor/45292940/new-holland-t6050.html,Farm Tractors,For sale / Offers,T5378,New Holland,T6050,Used - very good condition,125,480/65x28,60%,60%,N/A,,"35,500
                            
                                    35,500 ££ ",35500,GBP,,Michael Burdge Ltd,Michael BURDGE,661d26ffcdc277c67bdaeb221f6d3d4KCs0NCkgMTkzNDgzODM4NQ==,
https://www.agriaffaires.co.uk/used/farm-tractor/45012615/john-deere-6r155.html,Farm Tractors,For sale / Offers,11093697,John Deere,6R155,Used - Not indicated,155,,N/A,N/A,N/A,,"121,500
                            
                                    121,500 ££ ",121500,GBP,,BEN BURGESS & CO.,"Mr.
                Will Tunmore-Clarke",6518a50aaaa7ad93aeeeeba0d1523abKCs0NCkgMTYwMzYyODI1MQ==,
https://www.agriaffaires.co.uk/used/farm-tractor/45076422/massey-ferguson-6475-dyna-6.html,Farm Tractors,For sale / Offers,,Massey Ferguson,6475 DYNA 6,Used - very good condition,,,30%,30%,N/A,,"  ",,,,CAM TRAC LTD,"Mr.
                ciaran campbell",6e7b470f4a9dc79c45b3e15aaf55cf3KCs0NCkgMDc3ODk2ODc1ODg=,
https://www.agriaffaires.co.uk/used/farm-tractor/45258042/john-deere-6155r.html,Farm Tractors,For sale / Offers,23278,John Deere,6155R,Used - very good condition,,,0% (Smooth tyre),N/A,N/A,,"76,500
                            
                                    76,500 ££ ",76500,GBP,,Oakfields Ag,"Mr.
                Terry Brock",40bd3e74ac338889e19a0057bee4f32KCs0NCkgMTc2Mzc4MDQ0MA==,
https://www.agriaffaires.co.uk/used/farm-tractor/44891463/john-deere-6r-215.html,Farm Tractors,For sale / Offers,,John Deere,6R 215,Used - Not indicated,215,600/70R28 650/85R38,N/A,N/A,N/A,,"149,950
                            
                                    149,950 ££ ",149950,GBP,,Farol Ltd,Guy CHAMPION,03412c1026d7603d092faad4347f32bKCs0NCkgMDE4NDQyNzg4NDM=,
https://www.agriaffaires.co.uk/used/farm-tractor/44931592/john-deere-8r410.html,Farm Tractors,For sale / Offers,81096463,John Deere,8R410,Used - very good condition,410,,N/A,N/A,N/A,,"230,000
                            
                                    230,000 ££ ",230000,GBP,,BEN BURGESS & CO.,"Mr.
                Will Tunmore-Clarke",6518a50aaaa7ad93aeeeeba0d1523abKCs0NCkgMTYwMzYyODI1MQ==,
https://www.agriaffaires.co.uk/used/farm-tractor/44786391/john-deere-6r-155.html,Farm Tractors,For sale / Offers,,John Deere,6R 155,Used - Not indicated,155,540/65R30 650/65R42,N/A,N/A,N/A,,"119,950
                            
                                    119,950 ££ ",119950,GBP,,Farol Ltd,Guy CHAMPION,03412c1026d7603d092faad4347f32bKCs0NCkgMDE4NDQyNzg4NDM=,
https://www.agriaffaires.co.uk/used/farm-tractor/44774020/john-deere-6175r.html,Farm Tractors,For sale / Offers,71090789,John Deere,6175R,Used - very good condition,175,,N/A,N/A,N/A,,"75,000
                            
                                    75,000 ££ ",75000,GBP,,BEN BURGESS & CO.,"Mr.
                Will Tunmore-Clarke",6518a50aaaa7ad93aeeeeba0d1523abKCs0NCkgMTYwMzYyODI1MQ==,
https://www.agriaffaires.co.uk/used/farm-tractor/44713276/valtra-t175.html,Farm Tractors,For sale / Offers,Valtra T175 Active,Valtra,t175,Used - very good condition,,,95%,95%,N/A,,"94,750
                            
                                    94,750 ££ ",94750,GBP,,B&B Tractors,"Mrs
                Lauren Cope",2b7265eaf1cda18ab8f8919f723e85bKCs0NCkgNzQ4MzEyMjE5Nw==,
https://www.agriaffaires.co.uk/used/farm-tractor/45381093/john-deere-6r-185.html,Farm Tractors,For sale / Offers,,John Deere,6R 185,Used - Not indicated,185,600/65R38 480/65R28,N/A,N/A,N/A,,"  ",,,,Farol Ltd,Guy CHAMPION,03412c1026d7603d092faad4347f32bKCs0NCkgMDE4NDQyNzg4NDM=,
https://www.agriaffaires.co.uk/used/farm-tractor/44943058/john-deere-6r-155.html,Farm Tractors,For sale / Offers,,John Deere,6R 155,Used - Not indicated,155,710/60R42 600/60R30,N/A,N/A,N/A,,"119,950
                            
                                    119,950 ££ ",119950,GBP,,Farol Ltd,Guy CHAMPION,03412c1026d7603d092faad4347f32bKCs0NCkgMDE4NDQyNzg4NDM=,
https://www.agriaffaires.co.uk/used/farm-tractor/45350966/john-deere-6155r.html,Farm Tractors,For sale / Offers,,John Deere,6155R,Used - Not indicated,155,650/65R38 540/65R28,N/A,N/A,N/A,,"62,950
                            
                                    62,950 ££ ",62950,GBP,,Farol Ltd,Guy CHAMPION,03412c1026d7603d092faad4347f32bKCs0NCkgMDE4NDQyNzg4NDM=,
https://www.agriaffaires.co.uk/used/farm-tractor/44696225/john-deere-6r-215.html,Farm Tractors,For sale / Offers,,John Deere,6R 215,Used - Not indicated,215,650/65R42 600/65R28,N/A,N/A,N/A,,"154,950
                            
                                    154,950 ££ ",154950,GBP,,Farol Ltd,Guy CHAMPION,03412c1026d7603d092faad4347f32bKCs0NCkgMDE4NDQyNzg4NDM=,
https://www.agriaffaires.co.uk/used/farm-tractor/44831119/john-deere-6175r.html,Farm Tractors,For sale / Offers,,John Deere,6175R,Used - Not indicated,175,540/65R30 650/65R42,N/A,N/A,N/A,,"84,750
                            
                                    84,750 ££ ",84750,GBP,,Farol Ltd,Guy CHAMPION,03412c1026d7603d092faad4347f32bKCs0NCkgMDE4NDQyNzg4NDM=,
https://www.agriaffaires.co.uk/used/farm-tractor/45112730/john-deere-6175r.html,Farm Tractors,For sale / Offers,31084478,John Deere,6175R,Used - very good condition,175,,N/A,N/A,N/A,,"122,000
                            
                                    122,000 ££ ",122000,GBP,,BEN BURGESS & CO.,"Mr.
                Will Tunmore-Clarke",6518a50aaaa7ad93aeeeeba0d1523abKCs0NCkgMTYwMzYyODI1MQ==,
https://www.agriaffaires.co.uk/used/farm-tractor/44971593/john-deere-6155r.html,Farm Tractors,For sale / Offers,,John Deere,6155R,Used - Not indicated,155,540/65R30 650/65R42,N/A,N/A,N/A,,"67,950
                            
                                    67,950 ££ ",67950,GBP,,Farol Ltd,Guy CHAMPION,03412c1026d7603d092faad4347f32bKCs0NCkgMDE4NDQyNzg4NDM=,
https://www.agriaffaires.co.uk/used/farm-tractor/44736807/john-deere-6155r.html,Farm Tractors,For sale / Offers,41045094,John Deere,6155R,Used - Not indicated,0,,N/A,N/A,N/A,,"114,000
                            
                                    114,000 ££ ",114000,GBP,,Hunt Forest Group,"United Kingdom, South East England",2aff3cd845ccf52991211e00245c610KCs0NCkgMDE5ODA2MjExMTQ=,
https://www.agriaffaires.co.uk/used/farm-tractor/45264038/john-deere-6100m.html,Farm Tractors,For sale / Offers,,John Deere,6100M,Used - Not indicated,100,460/85R38 420/85R24 Agricultural Tyres,N/A,N/A,N/A,,"54,950
                            
                                    54,950 ££ ",54950,GBP,,Farol Ltd,Guy CHAMPION,03412c1026d7603d092faad4347f32bKCs0NCkgMDE4NDQyNzg4NDM=,
https://www.agriaffaires.co.uk/used/farm-tractor/45262644/john-deere-8400r.html,Farm Tractors,For sale / Offers,51100592,John Deere,8400R,Used - good condition,400,,N/A,N/A,N/A,,"145,000
                            
                                    145,000 ££ ",145000,GBP,,BEN BURGESS & CO.,"Mr.
                Will Tunmore-Clarke",6518a50aaaa7ad93aeeeeba0d1523abKCs0NCkgMTYwMzYyODI1MQ==,
https://www.agriaffaires.co.uk/used/farm-tractor/45374224/john-deere-6r-250.html,Farm Tractors,For sale / Offers,,John Deere,6R 250,Used - Not indicated,250,710/70R42 600/70R30,N/A,N/A,N/A,,"159,950
                            
                                    159,950 ££ ",159950,GBP,,Farol Ltd,Guy CHAMPION,03412c1026d7603d092faad4347f32bKCs0NCkgMDE4NDQyNzg4NDM=,
https://www.agriaffaires.co.uk/used/farm-tractor/44757375/john-deere-7230r.html,Farm Tractors,For sale / Offers,,John Deere,7230R,Used - Not indicated,230,480/70R34 520/85R46,N/A,N/A,N/A,,"69,950
                            
                                    69,950 ££ ",69950,GBP,,Farol Ltd,Guy CHAMPION,03412c1026d7603d092faad4347f32bKCs0NCkgMDE4NDQyNzg4NDM=,
https://www.agriaffaires.co.uk/used/farm-tractor/44672960/fendt-728-profi-plus.html,Farm Tractors,For sale / Offers,21013712,Fendt,728 Profi Plus,Used - Not indicated,,,N/A,N/A,N/A,,"  ",,,,Crawford Group,"Mr.
                Dave Redford",490aa01b33b8485eb411bb3c7804f52KCs0NCkgMDc5NzAyNDgxMTY=,
https://www.agriaffaires.co.uk/used/farm-tractor/44911415/john-deere-6r155.html,Farm Tractors,For sale / Offers,B1025717,John Deere,6R155,Used - very good condition,155,,N/A,N/A,N/A,,"120,000
                            
                                    120,000 ££ ",120000,GBP,,BEN BURGESS & CO.,"Mr.
                Will Tunmore-Clarke",6518a50aaaa7ad93aeeeeba0d1523abKCs0NCkgMTYwMzYyODI1MQ==,
https://www.agriaffaires.co.uk/used/farm-tractor/45080556/john-deere-6155r.html,Farm Tractors,For sale / Offers,11045059,John Deere,6155R,Used - Not indicated,0,,N/A,N/A,N/A,,"119,950
                            
                                    119,950 ££ ",119950,GBP,,Hunt Forest Group,"United Kingdom, South East England",2aff3cd845ccf52991211e00245c610KCs0NCkgMDE5ODA2MjExMTQ=,
https://www.agriaffaires.co.uk/used/farm-tractor/45064812/john-deere-8530.html,Farm Tractors,For sale / Offers,,John Deere,8530,Used - good condition,,600/70R30,80%,80%,N/A,,"59,950
                            
                                    59,950 ££ ",59950,GBP,,G.M. STEPHENSON,"United Kingdom, Yorkshire and the Humber",d65312d189379444e3624fdbbcf4a7bKCs0NCkgMTcyMzg5MTQ4Nw==,
